x,y,y-min,y-max
ad,0.03244925152860001,3.662341500001304e-05,4.586061999999058e-05
pead-0,0.0324001779586,3.0976287499998034e-05,4.2530239999998e-05
pead-1,0.024807413758600003,2.789790500000444e-05,3.3009574999999514e-05
pead-2,0.0018596765786000002,3.900124999999758e-06,3.974460000000018e-06
