x,y,y-min,y-max
ad,0.034075752283,2.0179879999998596e-05,4.5270110000002195e-05
pead-0,0.034082099373000004,4.2938020000000965e-05,3.7253959999997144e-05
pead-1,0.026667044363,2.703061999999659e-05,1.818315000000348e-05
pead-2,0.001885486963,6.1976599999998515e-06,4.584640000000013e-06
