x,y,y-min,y-max
ad,0.25503146704,0.0006283990000000017,0.000966699999999987
pead-0,0.25148087804,0.001030813999999991,0.0006879169999999823
pead-1,0.24995839904,0.0009988930000000007,0.0016772529999999897
pead-2,0.25030384904,0.0010851600000000294,0.0019018439999999859
