x,y,y-min,y-max
ad,0.254677565,0.0008790637499999643,0.0013231445000000397
pead-0,0.249781424,0.0009499112499999907,0.0017770870000000383
pead-1,0.2498039245,0.0008861619999999681,0.0016664825000000105
pead-2,0.250238614,0.0011689547500000064,0.0016606677499999556
