x,y,y-min,y-max
ad,0.0007817034198,2.45385999999995e-06,1.7582099999999528e-06
pead-0,0.0007813418598,1.7736700000000856e-06,2.2683999999999595e-06
pead-1,0.0006300520998000001,1.978499999999981e-06,1.1730499999999464e-06
pead-2,0.00011723089980000003,6.878500000000073e-07,1.1572099999999902e-06
