x,y,y-min,y-max
ad,0.03908168173900001,3.3881480000004516e-05,7.084461999999625e-05
pead-0,0.039114669579000005,8.547907000000521e-05,6.84553699999979e-05
pead-1,0.042708143039,6.707218000000237e-05,5.2126069999998415e-05
pead-2,0.0019449585390000001,8.688800000000024e-06,3.472330000000006e-06
