x,y,y-min,y-max
ad,2.6836362943000003,0.004140272749999951,0.005281469499999858
pead-0,2.6943049012999998,0.003345064499999939,0.003897812000000389
pead-1,2.6868939508,0.0037046094999997337,0.004932112499999697
pead-2,2.7234972448,0.0032180937500001505,0.004092020999999946
