x,y,y-min,y-max
ad,0.0007311291206000001,2.4743800000000303e-06,1.027099999999833e-06
pead-0,0.0007310707406,2.199499999999883e-06,2.885230000000162e-06
pead-1,0.0006060861806,2.203649999999997e-06,1.0959100000000523e-06
pead-2,0.0001249411706,5.238299999999851e-07,6.589400000000178e-07
