x,y,y-min,y-max
ad,0.36672433764,0.0005331989999999842,0.0007510000000000017
pead-0,0.36614833364,0.0007974889999999846,0.00030855900000004155
pead-1,0.36569097164000003,0.0009249050000000314,0.0009506159999999597
pead-2,0.36609628064,0.000674775999999988,0.001004986000000041
