x,y,y-min,y-max
ad,1.37934610042,0.0017855212500001993,0.003206379999999953
pead-0,1.39779952392,0.0021296542500002236,0.002364090750000214
pead-1,1.3839436574200001,0.001841364000000123,0.004009220249999945
pead-2,1.36732446792,0.002838994500000025,0.007093037499999788
