x,y,y-min,y-max
ad,0.0007321262213999999,2.077364999999911e-06,1.6865375000000042e-06
pead-0,0.0007325862914,2.6358750000000453e-06,1.560999999999967e-06
pead-1,0.0005917421464,1.63866500000004e-06,1.4600150000000514e-06
pead-2,0.0001247500414,5.550249999999651e-07,6.784000000000239e-07
