x,y,y-min,y-max
ad,2.6951173189,0.002633353000000227,0.003621905999999786
pead-0,2.7237376738999997,0.003634667000000036,0.003805251000000176
pead-1,2.6884088128999997,0.0032964779999997695,0.0015443790000002622
pead-2,2.7227591839,0.002594135000000275,0.0016697889999996995
