x,y,y-min,y-max
ad,0.36779796624000005,0.0008767937500000489,0.0009662080000000239
pead-0,0.36604020674000004,0.000793823249999992,0.0011427617500000542
pead-1,0.36619355774000006,0.0009113887500000195,0.0009028942499999526
pead-2,0.36611261524000005,0.0005672517499999974,0.0013011392499999719
