x,y,y-min,y-max
ad,1.38086305774,0.0024302890000000854,0.00786279199999984
pead-0,1.39839689374,0.00210467999999997,0.0025491090000000494
pead-1,1.37140706874,0.0017358709999999444,0.0032228970000001134
pead-2,1.3628845277400001,0.0026059300000000896,0.0033039089999999938
