x,y,y-min,y-max
ad,0.04674967292,0.00028750699999999935,0.00019129500000000105
pead-0,0.04676687992,0.0002964019999999942,0.00019669900000000157
pead-1,0.04338053592,0.0001076869999999952,0.00014454900000000076
pead-2,0.010987577920000002,4.741900000000167e-05,0.00011555199999999967
