x,y,y-min,y-max
ad,0.04932470942,0.0007204419999999948,0.0002308560000000015
pead-0,0.049176988420000005,0.0004402810000000007,0.0004248059999999998
pead-1,0.04629807542,0.0006350990000000001,0.00019166900000000542
pead-2,0.01092884342,7.431399999999894e-05,3.9076000000000735e-05
