x,y,y-min,y-max
ad,0.10613877884,0.00042170250000000964,0.0017375897500000043
pead-0,0.10175083434,0.0002793657499999963,0.0005546682500000011
pead-1,0.10168805084,0.0004420037500000029,0.0010149574999999966
pead-2,0.10117399384,0.0004057915000000023,0.00042593050000000465
