x,y,y-min,y-max
ad,0.045690685780000004,0.00010509799999999792,0.00014774499999999774
pead-0,0.045692633280000006,0.00012679475000000606,0.0001214977499999978
pead-1,0.042869530780000005,0.00010686000000000029,0.00014157449999999822
pead-2,0.01066180328,6.79699999999988e-05,6.697150000000048e-05
