x,y,y-min,y-max
ad,0.56324826646,0.0014454809999999707,0.0013623469999999305
pead-0,0.5516958334600001,0.00047025200000005984,0.0011875309999999084
pead-1,0.54789391546,0.0012441249999999293,0.0018567000000000444
pead-2,0.51136214746,0.0008659659999999958,0.0019275450000000305
