x,y,y-min,y-max
ad,0.5611386891200001,0.0009518135000000649,0.00203789199999993
pead-0,0.5511350651200001,0.001648283500000014,0.0027717542499999803
pead-1,0.55220638862,0.0013851839999999838,0.00212520574999997
pead-2,0.5150412761200001,0.001380079000000034,0.0020681335000000134
