x,y,y-min,y-max
ad,0.10586854116000001,0.000313798000000004,0.002949558000000005
pead-0,0.10172081316,0.0001874239999999916,0.0003507280000000085
pead-1,0.10146124716000002,0.00012671800000001177,0.00034286899999999565
pead-2,0.10187397616000002,0.0004762490000000119,0.000894001999999991
