{
  "results": [
    {
      "command": "if taskset -c 0 ./cauer_10-ad.exe --output-only-last --step-size 1 --rtol 1.e-5 --atol 1.e-7 --interval 10000; then sleep 5;  else exit 1; fi",
      "mean": 6.384663074400001,
      "stddev": 0.007091168322782588,
      "median": 6.38267019304,
      "user": 1.3805030200000001,
      "system": 0.003972296,
      "min": 6.37666956704,
      "max": 6.40679344904,
      "times": [
        6.38302709504,
        6.38560571704,
        6.38005253604,
        6.3807347750400005,
        6.38345495204,
        6.38583528804,
        6.38346212604,
        6.40679344904,
        6.38112783904,
        6.3851999290400006,
        6.40176236004,
        6.37822089204,
        6.38283784104,
        6.38166725504,
        6.38612242304,
        6.38267019304,
        6.37981422004,
        6.39718204504,
        6.37919982904,
        6.38697454604,
        6.38181216104,
        6.37666956704,
        6.38258712604,
        6.38154035104,
        6.3822223440400006
      ],
      "exit_codes": [
        0,
        0,
        0,
        0,
        0,
        0,
        0,
        0,
        0,
        0,
        0,
        0,
        0,
        0,
        0,
        0,
        0,
        0,
        0,
        0,
        0,
        0,
        0,
        0,
        0
      ],
      "parameters": {
        "n": "ad"
      }
    },
    {
      "command": "if taskset -c 0 ./cauer_10-0.exe --output-only-last --step-size 1 --rtol 1.e-5 --atol 1.e-7 --interval 10000; then sleep 5;  else exit 1; fi",
      "mean": 6.40510672444,
      "stddev": 0.0033269099758341395,
      "median": 6.40444505604,
      "user": 1.3995810199999996,
      "system": 0.0053203464,
      "min": 6.40017812304,
      "max": 6.41473638204,
      "times": [
        6.40529904304,
        6.40291190704,
        6.40392568704,
        6.404405215040001,
        6.40203297804,
        6.40499421104,
        6.40964238204,
        6.40212827604,
        6.40494014304,
        6.40017812304,
        6.40114771204,
        6.40083605504,
        6.40850643304,
        6.40707514904,
        6.40444505604,
        6.40659290604,
        6.40346457404,
        6.40626320504,
        6.40413860604,
        6.4082223990400005,
        6.40293451604,
        6.41473638204,
        6.40201137004,
        6.40857258904,
        6.40826319304
      ],
      "exit_codes": [
        0,
        0,
        0,
        0,
        0,
        0,
        0,
        0,
        0,
        0,
        0,
        0,
        0,
        0,
        0,
        0,
        0,
        0,
        0,
        0,
        0,
        0,
        0,
        0,
        0
      ],
      "parameters": {
        "n": "0"
      }
    },
    {
      "command": "if taskset -c 0 ./cauer_10-1.exe --output-only-last --step-size 1 --rtol 1.e-5 --atol 1.e-7 --interval 10000; then sleep 5;  else exit 1; fi",
      "mean": 6.39442040336,
      "stddev": 0.008138222688609899,
      "median": 6.391030965040001,
      "user": 1.3897607399999998,
      "system": 0.0044478832,
      "min": 6.38607219904,
      "max": 6.41937981804,
      "times": [
        6.39419130104,
        6.40053489804,
        6.39489684004,
        6.391030965040001,
        6.393992652040001,
        6.40128397404,
        6.41937981804,
        6.39072290304,
        6.387632179040001,
        6.40036323404,
        6.39049348504,
        6.40744903804,
        6.38624307004,
        6.38846486404,
        6.38748157104,
        6.39083129704,
        6.38856009004,
        6.38729097404,
        6.38991686204,
        6.40068133404,
        6.40353234504,
        6.38607219904,
        6.3912083310400005,
        6.38642550904,
        6.40183035004
      ],
      "exit_codes": [
        0,
        0,
        0,
        0,
        0,
        0,
        0,
        0,
        0,
        0,
        0,
        0,
        0,
        0,
        0,
        0,
        0,
        0,
        0,
        0,
        0,
        0,
        0,
        0,
        0
      ],
      "parameters": {
        "n": "1"
      }
    },
    {
      "command": "if taskset -c 0 ./cauer_10-2.exe --output-only-last --step-size 1 --rtol 1.e-5 --atol 1.e-7 --interval 10000; then sleep 5;  else exit 1; fi",
      "mean": 6.38773089936,
      "stddev": 0.004329266213237664,
      "median": 6.38784436004,
      "user": 1.3840965799999998,
      "system": 0.0034642623999999993,
      "min": 6.38120226904,
      "max": 6.39673991904,
      "times": [
        6.39007553604,
        6.38487056504,
        6.38436225204,
        6.39093272904,
        6.38399144204,
        6.38120226904,
        6.38627951704,
        6.38228020804,
        6.3914433630400005,
        6.385325416040001,
        6.38336634204,
        6.38920181604,
        6.39327820604,
        6.3836819270400005,
        6.38245517704,
        6.39673991904,
        6.39190667004,
        6.38276776004,
        6.38839068504,
        6.38784436004,
        6.3912086740400005,
        6.38734646004,
        6.38872133104,
        6.3961198470400005,
        6.38948001204
      ],
      "exit_codes": [
        0,
        0,
        0,
        0,
        0,
        0,
        0,
        0,
        0,
        0,
        0,
        0,
        0,
        0,
        0,
        0,
        0,
        0,
        0,
        0,
        0,
        0,
        0,
        0,
        0
      ],
      "parameters": {
        "n": "2"
      }
    }
  ]
}
