{
  "results": [
    {
      "command": "if taskset -c 0 ./cauer_100-ad.exe --output-only-last --step-size 1 --rtol 1.e-5 --atol 1.e-7 --interval 1000; then sleep 5;  else exit 1; fi",
      "mean": 7.699713580540003,
      "stddev": 0.005426666610452271,
      "median": 7.6992683959,
      "user": 2.6761167,
      "system": 0.02330576,
      "min": 7.6887410189,
      "max": 7.7117190049,
      "times": [
        7.6992683959,
        7.6887410189,
        7.7046571699,
        7.7021102349,
        7.6994443179,
        7.6933863869,
        7.6975696279,
        7.6974717589,
        7.7117190049,
        7.6976999289,
        7.6979425709,
        7.6955036409,
        7.6923521119,
        7.7010151819,
        7.6999304909,
        7.6971558749,
        7.6967122269,
        7.7007470839,
        7.7110575689,
        7.7019832869,
        7.7106961469,
        7.7001096059,
        7.6998740099,
        7.6966102679,
        7.6990815999
      ],
      "exit_codes": [
        0,
        0,
        0,
        0,
        0,
        0,
        0,
        0,
        0,
        0,
        0,
        0,
        0,
        0,
        0,
        0,
        0,
        0,
        0,
        0,
        0,
        0,
        0,
        0,
        0
      ],
      "parameters": {
        "n": "ad"
      }
    },
    {
      "command": "if taskset -c 0 ./cauer_100-0.exe --output-only-last --step-size 1 --rtol 1.e-5 --atol 1.e-7 --interval 1000; then sleep 5;  else exit 1; fi",
      "mean": 7.699217652619999,
      "stddev": 0.0031634883260065676,
      "median": 7.6991252259,
      "user": 2.67355182,
      "system": 0.025368519999999995,
      "min": 7.6924253309,
      "max": 7.7052346309,
      "times": [
        7.6993936589,
        7.7035882269,
        7.7045137939,
        7.6972267689,
        7.7013102309,
        7.7052346309,
        7.6977339768999995,
        7.7022333509,
        7.6947238869,
        7.6971076999,
        7.7011022829,
        7.6973137779,
        7.7006775349,
        7.6988187429,
        7.6982283799,
        7.7004096809,
        7.7008493119,
        7.7004412819,
        7.7016533539,
        7.6991252259,
        7.6964385099,
        7.6924253309,
        7.6978818359,
        7.6986750719,
        7.6933347689
      ],
      "exit_codes": [
        0,
        0,
        0,
        0,
        0,
        0,
        0,
        0,
        0,
        0,
        0,
        0,
        0,
        0,
        0,
        0,
        0,
        0,
        0,
        0,
        0,
        0,
        0,
        0,
        0
      ],
      "parameters": {
        "n": "0"
      }
    },
    {
      "command": "if taskset -c 0 ./cauer_100-1.exe --output-only-last --step-size 1 --rtol 1.e-5 --atol 1.e-7 --interval 1000; then sleep 5;  else exit 1; fi",
      "mean": 7.68724011146,
      "stddev": 0.005813371096305253,
      "median": 7.6863618989,
      "user": 2.6669482600000003,
      "system": 0.020001039999999994,
      "min": 7.6767998639,
      "max": 7.7002918719,
      "times": [
        7.6816253479,
        7.7002918719,
        7.6895425419,
        7.6860099109,
        7.6860134709,
        7.6897150929,
        7.6792008339,
        7.6881502149,
        7.6855216748999995,
        7.6927917409,
        7.6847877879,
        7.6847978919,
        7.6787325409,
        7.6885851119,
        7.6953354969,
        7.6863618989,
        7.6767998639,
        7.6944296369,
        7.6825961209,
        7.6813810899,
        7.6888644529,
        7.6896226439,
        7.6834103889,
        7.6892151619,
        7.6972199979
      ],
      "exit_codes": [
        0,
        0,
        0,
        0,
        0,
        0,
        0,
        0,
        0,
        0,
        0,
        0,
        0,
        0,
        0,
        0,
        0,
        0,
        0,
        0,
        0,
        0,
        0,
        0,
        0
      ],
      "parameters": {
        "n": "1"
      }
    },
    {
      "command": "if taskset -c 0 ./cauer_100-2.exe --output-only-last --step-size 1 --rtol 1.e-5 --atol 1.e-7 --interval 1000; then sleep 5;  else exit 1; fi",
      "mean": 7.744684496499998,
      "stddev": 0.005706280865767901,
      "median": 7.7442274729,
      "user": 2.6783227800000007,
      "system": 0.06604744000000001,
      "min": 7.7362049319,
      "max": 7.7592279329,
      "times": [
        7.7414079789,
        7.7386994009,
        7.7475218279,
        7.7466692629,
        7.7393027219,
        7.7479565899,
        7.7469002429,
        7.7383482369,
        7.7479590259,
        7.7573257089,
        7.7461174789,
        7.7592279329,
        7.7371825768999996,
        7.7430717459,
        7.7403461629,
        7.7442274729,
        7.7434031849,
        7.7453230559,
        7.7460732369,
        7.7461392649,
        7.7362049319,
        7.7419276569,
        7.7423046699,
        7.7529218369,
        7.7405502069
      ],
      "exit_codes": [
        0,
        0,
        0,
        0,
        0,
        0,
        0,
        0,
        0,
        0,
        0,
        0,
        0,
        0,
        0,
        0,
        0,
        0,
        0,
        0,
        0,
        0,
        0,
        0,
        0
      ],
      "parameters": {
        "n": "2"
      }
    }
  ]
}
