{
  "results": [
    {
      "command": "if taskset -c 0 ./furuta-ad.exe --output-only-last --step-size 1 --rtol 1.e-5 --atol 1.e-7 --interval 1000; then sleep 5;  else exit 1; fi",
      "mean": 24.806025408660005,
      "stddev": 0.023121883661867876,
      "median": 24.805563526500002,
      "user": 19.796074299999997,
      "system": 0.008699919999999998,
      "min": 24.758137674500002,
      "max": 24.8504461085,
      "times": [
        24.8263972325,
        24.8504461085,
        24.8098391205,
        24.806763650500002,
        24.7987639085,
        24.8149876405,
        24.7967946855,
        24.830186981500002,
        24.7798544135,
        24.7883695545,
        24.782832656500002,
        24.8396187495,
        24.805563526500002,
        24.8139598825,
        24.843423416500002,
        24.795191789500002,
        24.813966036500002,
        24.8335289025,
        24.758137674500002,
        24.7754329775,
        24.785621791500002,
        24.778770762500002,
        24.8179541675,
        24.8032835515,
        24.8009460355
      ],
      "exit_codes": [
        0,
        0,
        0,
        0,
        0,
        0,
        0,
        0,
        0,
        0,
        0,
        0,
        0,
        0,
        0,
        0,
        0,
        0,
        0,
        0,
        0,
        0,
        0,
        0,
        0
      ],
      "parameters": {
        "n": "ad"
      }
    },
    {
      "command": "if taskset -c 0 ./furuta-0.exe --output-only-last --step-size 1 --rtol 1.e-5 --atol 1.e-7 --interval 1000; then sleep 5;  else exit 1; fi",
      "mean": 21.889177719419994,
      "stddev": 0.09322584469440141,
      "median": 21.856602402500002,
      "user": 16.87973058,
      "system": 0.00830628,
      "min": 21.8190802075,
      "max": 22.2570072525,
      "times": [
        21.925957824500003,
        21.840505300500002,
        21.8699496865,
        21.8844044245,
        21.8524632055,
        21.8293224895,
        22.2570072525,
        21.8491910665,
        21.8190802075,
        21.8884499615,
        22.0113761275,
        21.8893822715,
        21.890175013500002,
        21.8483642555,
        21.843727120500002,
        21.8498024565,
        21.834681392500002,
        21.856602402500002,
        21.821583081500002,
        22.041210270500002,
        21.8392041305,
        21.9039979735,
        21.8600030015,
        21.842801682500003,
        21.8802003865
      ],
      "exit_codes": [
        0,
        0,
        0,
        0,
        0,
        0,
        0,
        0,
        0,
        0,
        0,
        0,
        0,
        0,
        0,
        0,
        0,
        0,
        0,
        0,
        0,
        0,
        0,
        0,
        0
      ],
      "parameters": {
        "n": "0"
      }
    },
    {
      "command": "if taskset -c 0 ./furuta-1.exe --output-only-last --step-size 1 --rtol 1.e-5 --atol 1.e-7 --interval 1000; then sleep 5;  else exit 1; fi",
      "mean": 21.57982615802,
      "stddev": 0.03253913684966686,
      "median": 21.5753892575,
      "user": 16.5714353,
      "system": 0.007305379199999997,
      "min": 21.535179482500002,
      "max": 21.6596737865,
      "times": [
        21.550691047500003,
        21.5753892575,
        21.5745738445,
        21.6240374275,
        21.5718017865,
        21.5949304795,
        21.535179482500002,
        21.548264182500002,
        21.5899229645,
        21.5776505125,
        21.6014130315,
        21.5479408925,
        21.5483453685,
        21.5521852565,
        21.5553035135,
        21.5752088325,
        21.640699971500002,
        21.609490208500002,
        21.5352867145,
        21.6596737865,
        21.5524265005,
        21.6122683155,
        21.575404316500002,
        21.6025542575,
        21.5850119995
      ],
      "exit_codes": [
        0,
        0,
        0,
        0,
        0,
        0,
        0,
        0,
        0,
        0,
        0,
        0,
        0,
        0,
        0,
        0,
        0,
        0,
        0,
        0,
        0,
        0,
        0,
        0,
        0
      ],
      "parameters": {
        "n": "1"
      }
    },
    {
      "command": "if taskset -c 0 ./furuta-2.exe --output-only-last --step-size 1 --rtol 1.e-5 --atol 1.e-7 --interval 1000; then sleep 5;  else exit 1; fi",
      "mean": 21.129788094619997,
      "stddev": 0.04839106165158478,
      "median": 21.1223223945,
      "user": 16.122684380000003,
      "system": 0.0060227696,
      "min": 21.0527714625,
      "max": 21.2498712135,
      "times": [
        21.1166099755,
        21.1223223945,
        21.1794163205,
        21.1000377575,
        21.079187461500002,
        21.2101181915,
        21.1633951105,
        21.1172849865,
        21.0973913855,
        21.0821932685,
        21.0886922555,
        21.213985034500002,
        21.1442444535,
        21.0657805465,
        21.1433687335,
        21.099808352500002,
        21.2498712135,
        21.1392162155,
        21.088153320500002,
        21.1731866505,
        21.1346911125,
        21.129257965500003,
        21.1075799215,
        21.1461382755,
        21.0527714625
      ],
      "exit_codes": [
        0,
        0,
        0,
        0,
        0,
        0,
        0,
        0,
        0,
        0,
        0,
        0,
        0,
        0,
        0,
        0,
        0,
        0,
        0,
        0,
        0,
        0,
        0,
        0,
        0
      ],
      "parameters": {
        "n": "2"
      }
    },
    {
      "command": "if taskset -c 0 ./furuta-3.exe --output-only-last --step-size 1 --rtol 1.e-5 --atol 1.e-7 --interval 1000; then sleep 5;  else exit 1; fi",
      "mean": 20.640457624740005,
      "stddev": 0.03221846309615228,
      "median": 20.6445674895,
      "user": 15.632198939999997,
      "system": 0.007226849599999999,
      "min": 20.580412151500003,
      "max": 20.7151668965,
      "times": [
        20.6115348465,
        20.580412151500003,
        20.648007614500003,
        20.6853091975,
        20.7151668965,
        20.6599499115,
        20.599810162500003,
        20.620209400500002,
        20.598310077500003,
        20.658002229500003,
        20.6362809415,
        20.6137769255,
        20.6643164705,
        20.6540953085,
        20.6517754865,
        20.694419395500002,
        20.6654643375,
        20.6445674895,
        20.6594401665,
        20.6070913995,
        20.652711815500002,
        20.6156416795,
        20.6238780885,
        20.6349478405,
        20.6163207855
      ],
      "exit_codes": [
        0,
        0,
        0,
        0,
        0,
        0,
        0,
        0,
        0,
        0,
        0,
        0,
        0,
        0,
        0,
        0,
        0,
        0,
        0,
        0,
        0,
        0,
        0,
        0,
        0
      ],
      "parameters": {
        "n": "3"
      }
    },
    {
      "command": "if taskset -c 0 ./furuta-4.exe --output-only-last --step-size 1 --rtol 1.e-5 --atol 1.e-7 --interval 1000; then sleep 5;  else exit 1; fi",
      "mean": 18.789118850860003,
      "stddev": 0.045675447419831754,
      "median": 18.7820138115,
      "user": 13.78107958,
      "system": 0.0071201599999999995,
      "min": 18.7268953425,
      "max": 18.9338550575,
      "times": [
        18.7820138115,
        18.7584233555,
        18.8315458955,
        18.7989658035,
        18.7676214835,
        18.7457150645,
        18.9338550575,
        18.8751251815,
        18.7513440465,
        18.7363304165,
        18.7964382635,
        18.7548407365,
        18.7723688275,
        18.7268953425,
        18.8224714695,
        18.7938277555,
        18.8440212685,
        18.7855728725,
        18.7960563815,
        18.7465959305,
        18.7995872885,
        18.7683236075,
        18.786757672500002,
        18.7795626935,
        18.7737110455
      ],