{
  "results": [
    {
      "command": "if taskset -c 0 ./cauer_10-ad.res.exe 106541; then sleep 5; else exit 1; fi",
      "mean": 5.25419742276,
      "stddev": 0.001501077456975196,
      "median": 5.2539282506400005,
      "user": 0.25015333999999995,
      "system": 0.003911416,
      "min": 5.2518872106400005,
      "max": 5.25729742964,
      "times": [
        5.25594032364,
        5.254825883640001,
        5.25334432364,
        5.25446870564,
        5.25497400964,
        5.25729742964,
        5.25523152264,
        5.2518872106400005,
        5.25647649064,
        5.25295430164,
        5.25293890664,
        5.25312769964,
        5.25384271564,
        5.2539282506400005,
        5.25253096264,
        5.25315648864,
        5.25669062564,
        5.25315987264,
        5.25530921864,
        5.25413973464,
        5.25358335364,
        5.25211150364,
        5.2540927896400005,
        5.25268866764,
        5.25623457764
      ],
      "exit_codes": [
        0,
        0,
        0,
        0,
        0,
        0,
        0,
        0,
        0,
        0,
        0,
        0,
        0,
        0,
        0,
        0,
        0,
        0,
        0,
        0,
        0,
        0,
        0,
        0,
        0
      ],
      "parameters": {
        "n": "ad"
      }
    },
    {
      "command": "if taskset -c 0 ./cauer_10-0.res.exe 106541; then sleep 5; else exit 1; fi",
      "mean": 5.252408001999999,
      "stddev": 0.003595278641849364,
      "median": 5.2515742126400005,
      "user": 0.2492183,
      "system": 0.0030900240000000002,
      "min": 5.25006904464,
      "max": 5.26861566864,
      "times": [
        5.25334340564,
        5.25222318764,
        5.2533680376400005,
        5.2515742126400005,
        5.25221980064,
        5.25026850564,
        5.25133536164,
        5.25113751764,
        5.25359355864,
        5.25116653464,
        5.25047323064,
        5.25119812764,
        5.2519975396400005,
        5.25277025964,
        5.25071328564,
        5.2523036566400005,
        5.25115003364,
        5.25032889964,
        5.25035666964,
        5.26861566864,
        5.25525615964,
        5.25006904464,
        5.25098625364,
        5.25179853664,
        5.2519525616400005
      ],
      "exit_codes": [
        0,
        0,
        0,
        0,
        0,
        0,
        0,
        0,
        0,
        0,
        0,
        0,
        0,
        0,
        0,
        0,
        0,
        0,
        0,
        0,
        0,
        0,
        0,
        0,
        0
      ],
      "parameters": {
        "n": "0"
      }
    }
  ]
}
