{
  "results": [
    {
      "command": "if taskset -c 0 ./cauer_100-ad.res.exe 11493; then sleep 5; else exit 1; fi",
      "mean": 5.37941047248,
      "stddev": 0.0015585612798981873,
      "median": 5.379078632440001,
      "user": 0.3752761799999999,
      "system": 0.004035728,
      "min": 5.377567309440001,
      "max": 5.38418165044,
      "times": [
        5.379070571440001,
        5.380037772440001,
        5.3790603394400005,
        5.379530814440001,
        5.37925856744,
        5.3800358824400005,
        5.38115619844,
        5.380293534440001,
        5.378490220440001,
        5.380317966440001,
        5.37845204544,
        5.37855649844,
        5.37971738744,
        5.38418165044,
        5.37796465444,
        5.37838546544,
        5.379078632440001,
        5.3776868464400005,
        5.37802772744,
        5.37934412144,
        5.38238073844,
        5.380898048440001,
        5.37783118044,
        5.377567309440001,
        5.377937638440001
      ],
      "exit_codes": [
        0,
        0,
        0,
        0,
        0,
        0,
        0,
        0,
        0,
        0,
        0,
        0,
        0,
        0,
        0,
        0,
        0,
        0,
        0,
        0,
        0,
        0,
        0,
        0,
        0
      ],
      "parameters": {
        "n": "ad"
      }
    },
    {
      "command": "if taskset -c 0 ./cauer_100-0.res.exe 11493; then sleep 5; else exit 1; fi",
      "mean": 5.379768341720002,
      "stddev": 0.005232003698630914,
      "median": 5.3780080334400004,
      "user": 0.3746591399999999,
      "system": 0.0050101183999999984,
      "min": 5.375624565440001,
      "max": 5.39760881844,
      "times": [
        5.378887611440001,
        5.377155555440001,
        5.39120467744,
        5.378166209440001,
        5.39760881844,
        5.37737425544,
        5.38988761644,
        5.378500009440001,
        5.3780080334400004,
        5.3772542454400005,
        5.37962978244,
        5.37699261044,
        5.37845420744,
        5.37766614844,
        5.377934214440001,
        5.37744483044,
        5.37841316344,
        5.37940844744,
        5.377015522440001,
        5.37719557744,
        5.379268946440001,
        5.38165779044,
        5.375624565440001,
        5.376342907440001,
        5.3771127964400005
      ],
      "exit_codes": [
        0,
        0,
        0,
        0,
        0,
        0,
        0,
        0,
        0,
        0,
        0,
        0,
        0,
        0,
        0,
        0,
        0,
        0,
        0,
        0,
        0,
        0,
        0,
        0,
        0
      ],
      "parameters": {
        "n": "0"
      }
    }
  ]
}
