{
  "results": [
    {
      "command": "if taskset -c 0 ./furuta-ad.res.exe 105602; then sleep 5; else exit 1; fi",
      "mean": 10.6555439711,
      "stddev": 0.015034772387397234,
      "median": 10.65608569974,
      "user": 5.65076386,
      "system": 0.004385047999999999,
      "min": 10.619060299740001,
      "max": 10.69279903174,
      "times": [
        10.65802105174,
        10.65441726074,
        10.64113190674,
        10.662627398740002,
        10.69279903174,
        10.66355385274,
        10.65598424074,
        10.619060299740001,
        10.67822299374,
        10.64556863474,
        10.64442339674,
        10.657303905740001,
        10.64490846374,
        10.676362150740001,
        10.650085993740001,
        10.644573132740001,
        10.646751360740002,
        10.63466328874,
        10.65669868874,
        10.67041393474,
        10.66184331374,
        10.65808129174,
        10.64887012474,
        10.65608569974,
        10.66614785974
      ],
      "exit_codes": [
        0,
        0,
        0,
        0,
        0,
        0,
        0,
        0,
        0,
        0,
        0,
        0,
        0,
        0,
        0,
        0,
        0,
        0,
        0,
        0,
        0,
        0,
        0,
        0,
        0
      ],
      "parameters": {
        "n": "ad"
      }
    },
    {
      "command": "if taskset -c 0 ./furuta-0.res.exe 105602; then sleep 5; else exit 1; fi",
      "mean": 8.51754728298,
      "stddev": 0.009523287963301482,
      "median": 8.51605111674,
      "user": 3.5126765,
      "system": 0.0045682119999999994,
      "min": 8.504836090740001,
      "max": 8.54083678874,
      "times": [
        8.512704855740001,
        8.506736982740001,
        8.51222898674,
        8.51605111674,
        8.51850803574,
        8.50957359174,
        8.523761719740001,
        8.50982778774,
        8.519169557740002,
        8.51363746874,
        8.50666952874,
        8.51922860074,
        8.51017193174,
        8.53414380074,
        8.504836090740001,
        8.51498042174,
        8.52202692974,
        8.51117470874,
        8.52528909774,
        8.52497845074,
        8.524722177740001,
        8.54083678874,
        8.50511087674,
        8.51798921574,
        8.534323350740001
      ],
      "exit_codes": [
        0,
        0,
        0,
        0,
        0,
        0,
        0,
        0,
        0,
        0,
        0,
        0,
        0,
        0,
        0,
        0,
        0,
        0,
        0,
        0,
        0,
        0,
        0,
        0,
        0
      ],
      "parameters": {
        "n": "0"
      }
    }
  ]
}
