{
  "results": [
    {
      "command": "if taskset -c 0 ./pendulum-ad.res.exe 231687; then sleep 5; else exit 1; fi",
      "mean": 5.1110811633200015,
      "stddev": 0.002936524458426591,
      "median": 5.11029587684,
      "user": 0.10845149999999996,
      "system": 0.002529328,
      "min": 5.10939057584,
      "max": 5.12239810484,
      "times": [
        5.10998072784,
        5.11029587684,
        5.109739799840001,
        5.11063732084,
        5.10984515084,
        5.11065085084,
        5.11088623784,
        5.11039921584,
        5.10996667884,
        5.10961940884,
        5.11061196484,
        5.110328737840001,
        5.109974615840001,
        5.11805879184,
        5.11075969184,
        5.109594755840001,
        5.109683668840001,
        5.10979880384,
        5.10939057584,
        5.1135242858400005,
        5.109449097840001,
        5.12239810484,
        5.110366662840001,
        5.11089208084,
        5.110175975840001
      ],
      "exit_codes": [
        0,
        0,
        0,
        0,
        0,
        0,
        0,
        0,
        0,
        0,
        0,
        0,
        0,
        0,
        0,
        0,
        0,
        0,
        0,
        0,
        0,
        0,
        0,
        0,
        0
      ],
      "parameters": {
        "n": "ad"
      }
    },
    {
      "command": "if taskset -c 0 ./pendulum-0.res.exe 231687; then sleep 5; else exit 1; fi",
      "mean": 5.10959216004,
      "stddev": 0.003061765840795751,
      "median": 5.10826986084,
      "user": 0.10567906,
      "system": 0.003801872,
      "min": 5.10746873084,
      "max": 5.120929959840001,
      "times": [
        5.10772949384,
        5.10765572884,
        5.10826986084,
        5.10808731884,
        5.10878378584,
        5.10822857584,
        5.108258638840001,
        5.108573301840001,
        5.108133969840001,
        5.11547596884,
        5.10808134084,
        5.10786779784,
        5.11259890284,
        5.11145895684,
        5.108449283840001,
        5.108542374840001,
        5.10764135484,
        5.11104240784,
        5.120929959840001,
        5.10762506884,
        5.10823075484,
        5.111892822840001,
        5.11023349784,
        5.108544102840001,
        5.10746873084
      ],
      "exit_codes": [
        0,
        0,
        0,
        0,
        0,
        0,
        0,
        0,
        0,
        0,
        0,
        0,
        0,
        0,
        0,
        0,
        0,
        0,
        0,
        0,
        0,
        0,
        0,
        0,
        0
      ],
      "parameters": {
        "n": "0"
      }
    }
  ]
}
