{
  "results": [
    {
      "command": "if taskset -c 0 ./cauer_10-2.exe --output-only-last --step-size 1 --rtol 1.e-5 --atol 1.e-7 --interval 10000; then sleep 5;  else exit 1; fi",
      "mean": 6.385617756700001,
      "stddev": 0.004049916097597635,
      "median": 6.38501566146,
      "user": 1.3810874999999998,
      "system": 0.004335190399999999,
      "min": 6.37998179946,
      "max": 6.3948828224600005,
      "times": [
        6.39021974146,
        6.38678704946,
        6.38189993846,
        6.38501566146,
        6.38107401146,
        6.38177683646,
        6.38338036446,
        6.38272286846,
        6.38051510446,
        6.38796300346,
        6.39180070346,
        6.38824269446,
        6.38900842846,
        6.38323992946,
        6.3824066874600005,
        6.37998179946,
        6.38674672546,
        6.3948828224600005,
        6.38643323046,
        6.38761563646,
        6.38157291346,
        6.3837535904600005,
        6.39206976146,
        6.38258458146,
        6.38874983346
      ],
      "exit_codes": [
        0,
        0,
        0,
        0,
        0,
        0,
        0,
        0,
        0,
        0,
        0,
        0,
        0,
        0,
        0,
        0,
        0,
        0,
        0,
        0,
        0,
        0,
        0,
        0,
        0
      ],
      "parameters": {
        "n": "2"
      }
    },
    {
      "command": "if taskset -c 0 ./cauer_10-2.exe --output-only-last --step-size 1 --rtol 1.e-5 --atol 1.e-7 --interval 10000; then sleep 5;  else exit 1; fi",
      "mean": 6.389536269140001,
      "stddev": 0.008098898414231724,
      "median": 6.38738871346,
      "user": 1.3846607800000001,
      "system": 0.004652793600000001,
      "min": 6.38306894146,
      "max": 6.42402210946,
      "times": [
        6.39462551746,
        6.38780700846,
        6.38306894146,
        6.38637604546,
        6.42402210946,
        6.38741947846,
        6.39543808146,
        6.38646997146,
        6.38880752146,
        6.38324892946,
        6.38403701446,
        6.38530732846,
        6.39095703046,
        6.39109893546,
        6.39250066446,
        6.38580981446,
        6.38603220246,
        6.3948280864600004,
        6.39010976246,
        6.38571024746,
        6.39263831746,
        6.38478000646,
        6.38673074546,
        6.38319425446,
        6.38738871346
      ],
      "exit_codes": [
        0,
        0,
        0,
        0,
        0,
        0,
        0,
        0,
        0,
        0,
        0,
        0,
        0,
        0,
        0,
        0,
        0,
        0,
        0,
        0,
        0,
        0,
        0,
        0,
        0
      ],
      "parameters": {
        "n": "2"
      }
    },
    {
      "command": "if taskset -c 0 ./cauer_10-2.exe --output-only-last --step-size 1 --rtol 1.e-5 --atol 1.e-7 --interval 10000; then sleep 5;  else exit 1; fi",
      "mean": 6.3887141495,
      "stddev": 0.006489161895597647,
      "median": 6.3874097694600005,
      "user": 1.38396882,
      "system": 0.004531990399999998,
      "min": 6.38190533046,
      "max": 6.41170317846,
      "times": [
        6.38978031346,
        6.3937882224600004,
        6.38677987046,
        6.38615082946,
        6.38905255146,
        6.3874097694600005,
        6.39305184346,
        6.38893337946,
        6.38497715046,
        6.38862930146,
        6.38383990846,
        6.38829145246,
        6.38646553646,
        6.38310125446,
        6.38436837046,
        6.38306845046,
        6.38341353946,
        6.41170317846,
        6.39902241646,
        6.38332405546,
        6.39670204646,
        6.39166420846,
        6.38767388746,
        6.38475687046,
        6.38190533046
      ],
      "exit_codes": [
        0,
        0,
        0,
        0,
        0,
        0,
        0,
        0,
        0,
        0,
        0,
        0,
        0,
        0,
        0,
        0,
        0,
        0,
        0,
        0,
        0,
        0,
        0,
        0,
        0
      ],
      "parameters": {
        "n": "2"
      }
    },
    {
      "command": "if taskset -c 0 ./cauer_10-2.exe --output-only-last --step-size 1 --rtol 1.e-5 --atol 1.e-7 --interval 10000; then sleep 5;  else exit 1; fi",
      "mean": 6.385794929140002,
      "stddev": 0.0045182757886844905,
      "median": 6.38468006846,
      "user": 1.3809487799999998,
      "system": 0.0046452303999999995,
      "min": 6.38020816646,
      "max": 6.40017304646,
      "times": [
        6.38456984246,
        6.38321598046,
        6.38886017646,
        6.40017304646,
        6.38468006846,
        6.38779221346,
        6.38408199546,
        6.38060625746,
        6.3811350214600004,
        6.38020816646,
        6.38525904046,
        6.38243333946,
        6.38282765046,
        6.38253280246,
        6.38699321446,
        6.39086242046,
        6.38705603046,
        6.3832680034600005,
        6.38478791946,
        6.38662742046,
        6.3858048074600005,
        6.38434246046,
        6.39443753646,
        6.38211160246,
        6.39020621146
      ],
      "exit_codes": [
        0,
        0,
        0,
        0,
        0,
        0,
        0,
        0,
        0,
        0,
        0,
        0,
        0,
        0,
        0,
        0,
        0,
        0,
        0,
        0,
        0,
        0,
        0,
        0,
        0
      ],
      "parameters": {
        "n": "2"
      }
    }
  ]
}
