{
  "results": [
    {
      "command": "if taskset -c 0 ./pendulum-ad.exe --output-only-last --step-size 1 --rtol 1.e-5 --atol 1.e-7 --interval 10000; then sleep 5;  else exit 1; fi",
      "mean": 5.5663190609200015,
      "stddev": 0.005258449082015775,
      "median": 5.56526239584,
      "user": 0.5624792999999999,
      "system": 0.003648703999999999,
      "min": 5.56108554484,
      "max": 5.58744191184,
      "times": [
        5.561420034839999,
        5.56242075584,
        5.56834975184,
        5.56552468384,
        5.56906735884,
        5.56477986884,
        5.56526239584,
        5.56384220884,
        5.57246323384,
        5.566730338839999,
        5.56235339484,
        5.565732510839999,
        5.569423308839999,
        5.56624736784,
        5.58744191184,
        5.5654410818399995,
        5.563033205839999,
        5.57070032684,
        5.56284285984,
        5.56419747884,
        5.56251332784,
        5.56491075584,
        5.56526142484,
        5.56108554484,
        5.56693139084
      ],
      "exit_codes": [
        0,
        0,
        0,
        0,
        0,
        0,
        0,
        0,
        0,
        0,
        0,
        0,
        0,
        0,
        0,
        0,
        0,
        0,
        0,
        0,
        0,
        0,
        0,
        0,
        0
      ],
      "parameters": {
        "n": "ad"
      }
    },
    {
      "command": "if taskset -c 0 ./pendulum-0.exe --output-only-last --step-size 1 --rtol 1.e-5 --atol 1.e-7 --interval 10000; then sleep 5;  else exit 1; fi",
      "mean": 5.551969832599999,
      "stddev": 0.0026787800993406277,
      "median": 5.551279010839999,
      "user": 0.54930094,
      "system": 0.0025249879999999993,
      "min": 5.54830969684,
      "max": 5.56035369384,
      "times": [
        5.550354114839999,
        5.54985755184,
        5.55025892584,
        5.55308626284,
        5.54830969684,
        5.55271892684,
        5.55044319584,
        5.55147261284,
        5.552682863839999,
        5.55121650984,
        5.551279010839999,
        5.56035369384,
        5.55031630184,
        5.55064942684,
        5.5510839568399994,
        5.54955372484,
        5.55217688584,
        5.55307056484,
        5.5506406218399995,
        5.55187765084,
        5.553932650839999,
        5.55392468284,
        5.552359421839999,
        5.55849541184,
        5.54913114784
      ],
      "exit_codes": [
        0,
        0,
        0,
        0,
        0,
        0,
        0,
        0,
        0,
        0,
        0,
        0,
        0,
        0,
        0,
        0,
        0,
        0,
        0,
        0,
        0,
        0,
        0,
        0,
        0
      ],
      "parameters": {
        "n": "0"
      }
    },
    {
      "command": "if taskset -c 0 ./pendulum-1.exe --output-only-last --step-size 1 --rtol 1.e-5 --atol 1.e-7 --interval 10000; then sleep 5;  else exit 1; fi",
      "mean": 5.5485712428800005,
      "stddev": 0.002384662460348565,
      "median": 5.54789620284,
      "user": 0.54520026,
      "system": 0.0031976120000000003,
      "min": 5.54520420984,
      "max": 5.55560326784,
      "times": [
        5.5453188318399995,
        5.55073029484,
        5.54787626284,
        5.54789620284,
        5.55261332984,
        5.54916505584,
        5.54715227984,
        5.547040045839999,
        5.55560326784,
        5.5495334838399994,
        5.550898452839999,
        5.54585001084,
        5.54923012084,
        5.547016171839999,
        5.54520420984,
        5.54848982184,
        5.547544836839999,
        5.547364014839999,
        5.548234282839999,
        5.54764333384,
        5.54773289884,
        5.54846537984,
        5.5464927908399995,
        5.5489856908399995,
        5.55219999984
      ],
      "exit_codes": [
        0,
        0,
        0,
        0,
        0,
        0,
        0,
        0,
        0,
        0,
        0,
        0,
        0,
        0,
        0,
        0,
        0,
        0,
        0,
        0,
        0,
        0,
        0,
        0,
        0
      ],
      "parameters": {
        "n": "1"
      }
    },
    {
      "command": "if taskset -c 0 ./pendulum-2.exe --output-only-last --step-size 1 --rtol 1.e-5 --atol 1.e-7 --interval 10000; then sleep 5;  else exit 1; fi",
      "mean": 5.53317518444,
      "stddev": 0.007263416133334232,
      "median": 5.530441596839999,
      "user": 0.52873414,
      "system": 0.004253556,
      "min": 5.526696866839999,
      "max": 5.55663083484,
      "times": [
        5.52886973784,
        5.54222642184,
        5.530441596839999,
        5.527350053839999,
        5.53358837584,
        5.54262007784,
        5.52969590784,
        5.528515254839999,
        5.53442579584,
        5.52786112284,
        5.526696866839999,
        5.530534717839999,
        5.53087812184,
        5.52822130884,
        5.53419657284,
        5.545247413839999,
        5.53221683484,
        5.53287854484,
        5.52810371084,
        5.52862305384,
        5.52701451784,
        5.55663083484,
        5.530148104839999,
        5.52976433284,
        5.54263032884
      ],
      "exit_codes": [
        0,
        0,
        0,
        0,
        0,
        0,
        0,
        0,
        0,
        0,
        0,
        0,
        0,
        0,
        0,
        0,
        0,
        0,
        0,
        0,
        0,
        0,
        0,
        0,
        0
      ],
      "parameters": {
        "n": "2"
      }
    },
    {
      "command": "if taskset -c 0 ./pendulum-3.exe --output-only-last --step-size 1 --rtol 1.e-5 --atol 1.e-7 --interval 10000; then sleep 5;  else exit 1; fi",
      "mean": 5.535630083479999,
      "stddev": 0.013982864172802182,
      "median": 5.53074695684,
      "user": 0.5330588599999999,
      "system": 0.0024010719999999998,
      "min": 5.52636010884,
      "max": 5.59494605884,
      "times": [
        5.52999856684,
        5.543423562839999,
        5.5416984528399995,
        5.528681391839999,
        5.53090708284,
        5.53074695684,
        5.52921905584,
        5.5554728208399995,
        5.53324481684,
        5.52998777984,
        5.52952220384,
        5.53556118584,
        5.59494605884,
        5.530769492839999,
        5.53060902784,
        5.5266164158399995,
        5.542297897839999,
        5.52841360784,
        5.5323047148399995,
        5.52636010884,
        5.52962719484,
        5.5353977808399994,
        5.53006447784,
        5.53629447184,
        5.528586959839999
      ],
      "exit_codes": [
        0,
        0,
        0,
        0,
        0,
        0,
        0,
        0,
        0,
        0,
        0,
        0,
        0,
        0,
        0,
        0,
        0,
        0,
        0,
        0,
        0,
        0,
        0,
        0,
        0
      ],
      "parameters": {
        "n": "3"
      }
    }
  ]
}
