{
  "results": [
    {
      "command": "taskset -c 0 ./pendulum-ad.jac.exe 9819",
      "mean": 0.04820879808,
      "stddev": 0.0018049501758252756,
      "median": 0.04795135796,
      "user": 0.045918419999999995,
      "system": 0.0023948,
      "min": 0.04709006496,
      "max": 0.05672955396,
      "times": [
        0.04728429096,
        0.04808142496,
        0.04779251196,
        0.04804158396,
        0.04795135796,
        0.04763494696,
        0.04797663396,
        0.04823420696,
        0.04794299596,
        0.04734809796,
        0.04742390396,
        0.04788072496,
        0.05672955396,
        0.04798578596,
        0.04814422596,
        0.04819216196,
        0.04792391196,
        0.04802856696,
        0.04829852596,
        0.04827852796,
        0.04709006496,
        0.04763329296,
        0.04798439996,
        0.04741301596,
        0.04792523696
      ],
      "exit_codes": [
        0,
        0,
        0,
        0,
        0,
        0,
        0,
        0,
        0,
        0,
        0,
        0,
        0,
        0,
        0,
        0,
        0,
        0,
        0,
        0,
        0,
        0,
        0,
        0,
        0
      ],
      "parameters": {
        "n": "ad"
      }
    },
    {
      "command": "taskset -c 0 ./pendulum-0.jac.exe 9819",
      "mean": 0.047753424199999985,
      "stddev": 0.00043430956721006024,
      "median": 0.04780023096,
      "user": 0.04615346000000001,
      "system": 0.001721008,
      "min": 0.04706299196,
      "max": 0.04894486396,
      "times": [
        0.04727245396,
        0.04767259896,
        0.04780023096,
        0.04792264196,
        0.04810421196,
        0.04777521596,
        0.04797883396,
        0.04706299196,
        0.04737313796,
        0.04727621596,
        0.04744807796,
        0.04769455396,
        0.04745814396,
        0.04894486396,
        0.04812167496,
        0.04794715796,
        0.04709377196,
        0.04790503996,
        0.04820638196,
        0.04736651196,
        0.04791902696,
        0.04805706096,
        0.04725194796,
        0.04794014796,
        0.04824270896
      ],
      "exit_codes": [
        0,
        0,
        0,
        0,
        0,
        0,
        0,
        0,
        0,
        0,
        0,
        0,
        0,
        0,
        0,
        0,
        0,
        0,
        0,
        0,
        0,
        0,
        0,
        0,
        0
      ],
      "parameters": {
        "n": "0"
      }
    },
    {
      "command": "taskset -c 0 ./pendulum-1.jac.exe 9819",
      "mean": 0.044852071560000005,
      "stddev": 0.0002822462907668877,
      "median": 0.044817084959999996,
      "user": 0.04266777999999999,
      "system": 0.002258192,
      "min": 0.04450915796,
      "max": 0.04556646196,
      "times": [
        0.04487294296,
        0.04496372896,
        0.04469931596,
        0.04494281196,
        0.04500473996,
        0.04489913396,
        0.04453852096,
        0.04466890196,
        0.04461060396,
        0.04467073896,
        0.04457568496,
        0.04490361596,
        0.04525874996,
        0.04457129896,
        0.04472527096,
        0.04512227596,
        0.04450915796,
        0.044817084959999996,
        0.04551692196,
        0.04453879196,
        0.044785854959999996,
        0.04556646196,
        0.04487723896,
        0.04495599496,
        0.04470594496
      ],
      "exit_codes": [
        0,
        0,
        0,
        0,
        0,
        0,
        0,
        0,
        0,
        0,
        0,
        0,
        0,
        0,
        0,
        0,
        0,
        0,
        0,
        0,
        0,
        0,
        0,
        0,
        0
      ],
      "parameters": {
        "n": "1"
      }
    },
    {
      "command": "taskset -c 0 ./pendulum-2.jac.exe 9819",
      "mean": 0.009041201440000002,
      "stddev": 0.00014751561048951186,
      "median": 0.009000777960000001,
      "user": 0.006999100000000001,
      "system": 0.002109944,
      "min": 0.00885351396,
      "max": 0.00938780596,
      "times": [
        0.00914937096,
        0.00898386296,
        0.009040461960000001,
        0.00887709996,
        0.00922221496,
        0.009186477960000002,
        0.00893248496,
        0.00938780596,
        0.009163819960000001,
        0.00891225696,
        0.00894941596,
        0.009325524960000001,
        0.00890219496,
        0.009076654960000001,
        0.00902270896,
        0.00885351396,
        0.008952923960000001,
        0.009000777960000001,
        0.00892494496,
        0.00926976296,
        0.00893139696,
        0.00907549996,
        0.00890235996,
        0.00904399596,
        0.008942502960000001
      ],
      "exit_codes": [
        0,
        0,
        0,
        0,
        0,
        0,
        0,
        0,
        0,
        0,
        0,
        0,
        0,
        0,
        0,
        0,
        0,
        0,
        0,
        0,
        0,
        0,
        0,
        0,
        0
      ],
      "parameters": {
        "n": "2"
      }
    },
    {
      "command": "taskset -c 0 ./pendulum-3.jac.exe 9819",
      "mean": 0.0090688718,
      "stddev": 0.0002852039205433659,
      "median": 0.009003466960000001,
      "user": 0.006631860000000001,
      "system": 0.0025342959999999997,
      "min": 0.00882486696,
      "max": 0.01032551896,
      "times": [
        0.01032551896,
        0.008940811960000001,
        0.00920387496,
        0.00900185396,
        0.009006906960000002,
        0.00898993896,
        0.00908661896,
        0.00904718596,
        0.00898086396,
        0.00890805496,
        0.009003466960000001,
        0.00939538996,
        0.00894860496,
        0.00901562896,
        0.009107093960000002,
        0.00894241796,
        0.008923822960000001,
        0.00906060696,
        0.00882486696,
        0.009138791960000002,
        0.00897223796,
        0.00890159096,
        0.00904478696,
        0.00901356096,
        0.00893729696
      ],
      "exit_codes": [
        0,
        0,
        0,
        0,
        0,
        0,
        0,
        0,
        0,
        0,
        0,
        0,
        0,
        0,
        0,
        0,
        0,
        0,
        0,
        0,
        0,
        0,
        0,
        0,
        0
      ],
      "parameters": {
        "n": "3"
      }
    }
  ]
}
