{
  "results": [
    {
      "command": "taskset -c 0 ./cauer_10-ad.res.exe 106541",
      "mean": 0.24925118502000004,
      "stddev": 0.002339027056934544,
      "median": 0.24918126042000002,
      "user": 0.2470509,
      "system": 0.0022864208,
      "min": 0.24651279742,
      "max": 0.25611376942,
      "times": [
        0.24775453842,
        0.24711108442000002,
        0.25158994842000004,
        0.24918126042000002,
        0.25133660442000005,
        0.25357461342000004,
        0.24688618042000002,
        0.25001623942,
        0.24908242342,
        0.24952258942000002,
        0.24890022941999998,
        0.24682321542000002,
        0.24707459042000002,
        0.25038417842000005,
        0.24996956342,
        0.24764535742000002,
        0.25174627542000005,
        0.24726757442,
        0.24651279742,
        0.24924371541999998,
        0.24672946642000002,
        0.24751611142000002,
        0.24940887442,
        0.24988842442,
        0.25611376942
      ],
      "exit_codes": [
        0,
        0,
        0,
        0,
        0,
        0,
        0,
        0,
        0,
        0,
        0,
        0,
        0,
        0,
        0,
        0,
        0,
        0,
        0,
        0,
        0,
        0,
        0,
        0,
        0
      ],
      "parameters": {
        "n": "ad"
      }
    },
    {
      "command": "taskset -c 0 ./cauer_10-0.res.exe 106541",
      "mean": 0.24642309197999995,
      "stddev": 0.0019646823335441634,
      "median": 0.24627127542000002,
      "user": 0.24400186,
      "system": 0.0024983895999999995,
      "min": 0.24398618742,
      "max": 0.25062308642000003,
      "times": [
        0.24843598042,
        0.24680913442,
        0.24667948942,
        0.24482626642,
        0.24436409242,
        0.25034430042000005,
        0.25062308642000003,
        0.24561577242000002,
        0.24464982842,
        0.24645453142,
        0.24532350742,
        0.24827191142000002,
        0.24474584742,
        0.24539923742,
        0.24514073942,
        0.24398618742,
        0.24424906142,
        0.24692938842,
        0.24869714242,
        0.24643565942,
        0.24627127542000002,
        0.24507431142,
        0.24989905842000001,
        0.24699921242,
        0.24435227742
      ],
      "exit_codes": [
        0,
        0,
        0,
        0,
        0,
        0,
        0,
        0,
        0,
        0,
        0,
        0,
        0,
        0,
        0,
        0,
        0,
        0,
        0,
        0,
        0,
        0,
        0,
        0,
        0
      ],
      "parameters": {
        "n": "0"
      }
    }
  ]
}
