{
  "results": [
    {
      "command": "taskset -c 0 ./cauer_100-ad.res.exe 11493",
      "mean": 0.37005321438000005,
      "stddev": 0.0013496268295175346,
      "median": 0.36995744766,
      "user": 0.3663606,
      "system": 0.0037059808000000005,
      "min": 0.36793538666000003,
      "max": 0.37327982066000004,
      "times": [
        0.36931630066000004,
        0.36907629766,
        0.37072146166000003,
        0.37061803166,
        0.37327982066000004,
        0.36793538666000003,
        0.37018566366,
        0.37049214366,
        0.36940908466,
        0.36831358166,
        0.36845071466,
        0.37130114266,
        0.36856551266000004,
        0.36936078766,
        0.36952928366000004,
        0.37162309566,
        0.36833146466,
        0.36925970266,
        0.37089474566,
        0.36995744766,
        0.37064810766,
        0.36919294866,
        0.37214924766,
        0.37162211966,
        0.37109626566000004
      ],
      "exit_codes": [
        0,
        0,
        0,
        0,
        0,
        0,
        0,
        0,
        0,
        0,
        0,
        0,
        0,
        0,
        0,
        0,
        0,
        0,
        0,
        0,
        0,
        0,
        0,
        0,
        0
      ],
      "parameters": {
        "n": "ad"
      }
    },
    {
      "command": "taskset -c 0 ./cauer_100-0.res.exe 11493",
      "mean": 0.36952246202,
      "stddev": 0.0008246109382241496,
      "median": 0.36964312366,
      "user": 0.3656409199999999,
      "system": 0.0038578975999999992,
      "min": 0.36757799466,
      "max": 0.37085750966000003,
      "times": [
        0.36964652566,
        0.37085750966000003,
        0.36898286566,
        0.37029187366,
        0.36964312366,
        0.37053240966,
        0.36946390566000004,
        0.37017451566000004,
        0.37076752766000004,
        0.37080646566000003,
        0.36946844666,
        0.36901164766,
        0.36937388266000004,
        0.36976179066000003,
        0.36896168666,
        0.36817211766,
        0.36984426366,
        0.36931340466,
        0.36898625466,
        0.36967187466,
        0.36996445666,
        0.36973930366,
        0.36862558766000003,
        0.36757799466,
        0.36842211566
      ],
      "exit_codes": [
        0,
        0,
        0,
        0,
        0,
        0,
        0,
        0,
        0,
        0,
        0,
        0,
        0,
        0,
        0,
        0,
        0,
        0,
        0,
        0,
        0,
        0,
        0,
        0,
        0
      ],
      "parameters": {
        "n": "0"
      }
    }
  ]
}
