{
  "results": [
    {
      "command": "taskset -c 0 ./pendulum-ad.res.exe 231687",
      "mean": 0.10419835768,
      "stddev": 0.00036636647153486966,
      "median": 0.1043087166,
      "user": 0.10258071999999997,
      "system": 0.0017543423999999996,
      "min": 0.1032312296,
      "max": 0.1047407606,
      "times": [
        0.1043156766,
        0.1041313506,
        0.1043087166,
        0.1046691796,
        0.1037085006,
        0.1044378706,
        0.1043507526,
        0.10442846260000001,
        0.1044447776,
        0.1041689726,
        0.1046285826,
        0.1045516456,
        0.1041941636,
        0.1044936156,
        0.1047407606,
        0.1038109586,
        0.1042102956,
        0.1043206376,
        0.1037820986,
        0.1032312296,
        0.1036780596,
        0.1044247246,
        0.1041655936,
        0.1040309156,
        0.1037314006
      ],
      "exit_codes": [
        0,
        0,
        0,
        0,
        0,
        0,
        0,
        0,
        0,
        0,
        0,
        0,
        0,
        0,
        0,
        0,
        0,
        0,
        0,
        0,
        0,
        0,
        0,
        0,
        0
      ],
      "parameters": {
        "n": "ad"
      }
    },
    {
      "command": "taskset -c 0 ./pendulum-0.res.exe 231687",
      "mean": 0.10383047040000001,
      "stddev": 0.0015147703340600857,
      "median": 0.1032017136,
      "user": 0.10148944,
      "system": 0.0024387679999999996,
      "min": 0.1024021476,
      "max": 0.10736495160000001,
      "times": [
        0.1032017136,
        0.1035558836,
        0.1026174596,
        0.1070884646,
        0.1025953906,
        0.1024021476,
        0.1033326596,
        0.1028389596,
        0.1028427926,
        0.1040627356,
        0.1036467946,
        0.1029840676,
        0.10305287960000001,
        0.1033874996,
        0.1030817616,
        0.1034260186,
        0.1049863416,
        0.1024995376,
        0.1068547236,
        0.1066584926,
        0.1039893816,
        0.10296009860000001,
        0.1031609106,
        0.10736495160000001,
        0.1031700936
      ],
      "exit_codes": [
        0,
        0,
        0,
        0,
        0,
        0,
        0,
        0,
        0,
        0,
        0,
        0,
        0,
        0,
        0,
        0,
        0,
        0,
        0,
        0,
        0,
        0,
        0,
        0,
        0
      ],
      "parameters": {
        "n": "0"
      }
    }
  ]
}
