{
  "results": [
    {
      "command": "taskset -c 0 ./furuta-ad.exe --output-only-last --step-size 1 --rtol 1.e-5 --atol 1.e-7 --interval 1000",
      "mean": 19.8067792571,
      "stddev": 0.05008458559842403,
      "median": 19.7855020233,
      "user": 19.798697920000002,
      "system": 0.0067198192,
      "min": 19.739722388300002,
      "max": 19.8898960133,
      "times": [
        19.8067033053,
        19.803903588300003,
        19.7551681573,
        19.8365848283,
        19.7798065433,
        19.7779513663,
        19.7855020233,
        19.7507864363,
        19.7843309583,
        19.8860264023,
        19.8642881703,
        19.739722388300002,
        19.8585971103,
        19.8898960133,
        19.7615821993,
        19.814942062300002,
        19.7413876623,
        19.7774840183,
        19.8817137353,
        19.775381566300002,
        19.851277614300002,
        19.7417525273,
        19.8482981103,
        19.8762617743,
        19.7801328663
      ],
      "exit_codes": [
        0,
        0,
        0,
        0,
        0,
        0,
        0,
        0,
        0,
        0,
        0,
        0,
        0,
        0,
        0,
        0,
        0,
        0,
        0,
        0,
        0,
        0,
        0,
        0,
        0
      ],
      "parameters": {
        "n": "ad"
      }
    },
    {
      "command": "taskset -c 0 ./furuta-0.exe --output-only-last --step-size 1 --rtol 1.e-5 --atol 1.e-7 --interval 1000",
      "mean": 16.83796408082,
      "stddev": 0.04267801562300267,
      "median": 16.8368436873,
      "user": 16.8307974,
      "system": 0.006021219199999999,
      "min": 16.7645635223,
      "max": 16.9561256583,
      "times": [
        16.8215312333,
        16.7957273423,
        16.7999923293,
        16.881240540300002,
        16.820490525300002,
        16.910920554300002,
        16.8628675733,
        16.838354916300002,
        16.8794444653,
        16.8601082673,
        16.8516647063,
        16.9561256583,
        16.826498944300003,
        16.8049551163,
        16.8368436873,
        16.856932724300002,
        16.845030339300003,
        16.8559966263,
        16.771574678300002,
        16.8138003493,
        16.7893842503,
        16.8248955113,
        16.8608159943,
        16.8193421653,
        16.7645635223
      ],
      "exit_codes": [
        0,
        0,
        0,
        0,
        0,
        0,
        0,
        0,
        0,
        0,
        0,
        0,
        0,
        0,
        0,
        0,
        0,
        0,
        0,
        0,
        0,
        0,
        0,
        0,
        0
      ],
      "parameters": {
        "n": "0"
      }
    },
    {
      "command": "taskset -c 0 ./furuta-1.exe --output-only-last --step-size 1 --rtol 1.e-5 --atol 1.e-7 --interval 1000",
      "mean": 16.547840486700004,
      "stddev": 0.031328326284020436,
      "median": 16.5441845293,
      "user": 16.540051,
      "system": 0.0067051664,
      "min": 16.497545884300003,
      "max": 16.6045247823,
      "times": [
        16.5360387043,
        16.5391452373,
        16.5558449173,
        16.5788056473,
        16.5252328683,
        16.5905125873,
        16.5493240103,
        16.5712099343,
        16.5996837633,
        16.5231872053,
        16.531502347300002,
        16.532889472300003,
        16.511606727300002,
        16.497545884300003,
        16.5412993293,
        16.564341362300002,
        16.5765153733,
        16.5010880893,
        16.6045247823,
        16.553977566300002,
        16.4998400033,
        16.5820984403,
        16.513711946300003,
        16.5441845293,
        16.5719014393
      ],
      "exit_codes": [
        0,
        0,
        0,
        0,
        0,
        0,
        0,
        0,
        0,
        0,
        0,
        0,
        0,
        0,
        0,
        0,
        0,
        0,
        0,
        0,
        0,
        0,
        0,
        0,
        0
      ],
      "parameters": {
        "n": "1"
      }
    },
    {
      "command": "taskset -c 0 ./furuta-2.exe --output-only-last --step-size 1 --rtol 1.e-5 --atol 1.e-7 --interval 1000",
      "mean": 16.10272370082,
      "stddev": 0.049516871134293226,
      "median": 16.0881983523,
      "user": 16.093739560000003,
      "system": 0.00790538,
      "min": 16.046444121300002,
      "max": 16.2276148423,
      "times": [
        16.1446379493,
        16.1090518183,
        16.1960220473,
        16.2276148423,
        16.1876728873,
        16.0881983523,
        16.0702067223,
        16.189320192300002,
        16.069443393300002,
        16.0865592323,
        16.0645200203,
        16.0982222503,
        16.0912139433,
        16.0531609643,
        16.0726053873,
        16.1035553793,
        16.046444121300002,
        16.064656781300002,
        16.0716004413,
        16.0597816163,
        16.1068128243,
        16.083546029300003,
        16.0545392323,
        16.1119117703,
        16.116794322300002
      ],
      "exit_codes": [
        0,
        0,
        0,
        0,
        0,
        0,
        0,
        0,
        0,
        0,
        0,
        0,
        0,
        0,
        0,
        0,
        0,
        0,
        0,
        0,
        0,
        0,
        0,
        0,
        0
      ],
      "parameters": {
        "n": "2"
      }
    },
    {
      "command": "taskset -c 0 ./furuta-3.exe --output-only-last --step-size 1 --rtol 1.e-5 --atol 1.e-7 --interval 1000",
      "mean": 15.636028013260002,
      "stddev": 0.04123520984508683,
      "median": 15.6328529733,
      "user": 15.628582160000002,
      "system": 0.006423245599999999,
      "min": 15.570281448300001,
      "max": 15.735265805300001,
      "times": [
        15.576937157300002,
        15.678934016300001,
        15.661165353300001,
        15.6524055183,
        15.6747108493,
        15.671475412300001,
        15.6856440093,
        15.6049012183,
        15.655265722300001,
        15.609934687300001,
        15.602643393300001,
        15.6328529733,
        15.6378900673,
        15.6304228963,
        15.658283032300002,
        15.6510497493,
        15.5902320463,
        15.735265805300001,
        15.570281448300001,
        15.5828972973,
        15.5863250423,
        15.614961152300001,
        15.618058025300002,
        15.626913376300001,
        15.691250082300002
      ],
      "exit_codes": [
        0,
        0,
        0,
        0,
        0,
        0,
        0,
        0,
        0,
        0,
        0,
        0,
        0,
        0,
        0,
        0,
        0,
        0,
        0,
        0,
        0,
        0,
        0,
        0,
        0
      ],
      "parameters": {
        "n": "3"
      }
    },
    {
      "command": "taskset -c 0 ./furuta-4.exe --output-only-last --step-size 1 --rtol 1.e-5 --atol 1.e-7 --interval 1000",
      "mean": 13.767139778580004,
      "stddev": 0.03230621945682932,
      "median": 13.757175232300002,
      "user": 13.761517039999996,
      "system": 0.004724285599999999,
      "min": 13.698207357300001,
      "max": 13.8373727123,
      "times": [
        13.787735831300001,
        13.774789277300002,
        13.7434791003,
        13.7492883273,
        13.7510050823,
        13.757175232300002,
        13.757632902300001,
        13.7614115063,
        13.698207357300001,
        13.8373727123,
        13.7917453853,
        13.732908149300002,
        13.7439589623,
        13.8219480593,
        13.768788091300001,
        13.741176865300002,
        13.794807635300002,
        13.7449631913,
        13.8258967523,
        13.800127702300001,
        13.744744760300001,
        13.7914702783,
        13.7531050903,
        13.7517821243,
        13.7529740883
      ],