{
  "results": [
    {
      "command": "taskset -c 0 ./pendulum-ad.exe --output-only-last --step-size 1 --rtol 1.e-5 --atol 1.e-7 --interval 10000",
      "mean": 0.5607052491000001,
      "stddev": 0.0024398482935540154,
      "median": 0.56024541374,
      "user": 0.5574885199999998,
      "system": 0.0032115848,
      "min": 0.55708875774,
      "max": 0.56773229274,
      "times": [
        0.5607910487400001,
        0.5602263967400001,
        0.56199646274,
        0.56493546774,
        0.55759092574,
        0.5606269217400001,
        0.55968791974,
        0.55956701174,
        0.55708875774,
        0.56171853274,
        0.55988665374,
        0.56546242274,
        0.55785364474,
        0.55931084874,
        0.55982743574,
        0.56773229274,
        0.56115329074,
        0.55999380674,
        0.5613977787400001,
        0.56024541374,
        0.56206302574,
        0.5609419437400001,
        0.55877701974,
        0.56057468574,
        0.55818151874
      ],
      "exit_codes": [
        0,
        0,
        0,
        0,
        0,
        0,
        0,
        0,
        0,
        0,
        0,
        0,
        0,
        0,
        0,
        0,
        0,
        0,
        0,
        0,
        0,
        0,
        0,
        0,
        0
      ],
      "parameters": {
        "n": "ad"
      }
    },
    {
      "command": "taskset -c 0 ./pendulum-0.exe --output-only-last --step-size 1 --rtol 1.e-5 --atol 1.e-7 --interval 10000",
      "mean": 0.5481493859800001,
      "stddev": 0.003507586427207282,
      "median": 0.54716439574,
      "user": 0.5450695200000001,
      "system": 0.0030928703999999994,
      "min": 0.54423883374,
      "max": 0.55663141074,
      "times": [
        0.55028207474,
        0.54753754974,
        0.5549962177400001,
        0.54509494774,
        0.55663141074,
        0.54953214574,
        0.54440870674,
        0.54716439574,
        0.55122397274,
        0.55314212474,
        0.55106633174,
        0.54653499174,
        0.54443252874,
        0.55036142574,
        0.54930437274,
        0.54497644974,
        0.54530625574,
        0.55145362674,
        0.5453137717400001,
        0.54549429274,
        0.54545164274,
        0.54423883374,
        0.54578869474,
        0.5485542627400001,
        0.54544362174
      ],
      "exit_codes": [
        0,
        0,
        0,
        0,
        0,
        0,
        0,
        0,
        0,
        0,
        0,
        0,
        0,
        0,
        0,
        0,
        0,
        0,
        0,
        0,
        0,
        0,
        0,
        0,
        0
      ],
      "parameters": {
        "n": "0"
      }
    },
    {
      "command": "taskset -c 0 ./pendulum-1.exe --output-only-last --step-size 1 --rtol 1.e-5 --atol 1.e-7 --interval 10000",
      "mean": 0.54445472466,
      "stddev": 0.0022167103750853944,
      "median": 0.54429720674,
      "user": 0.5411511999999999,
      "system": 0.0032943792,
      "min": 0.54047541674,
      "max": 0.54869675874,
      "times": [
        0.54455460774,
        0.5410213647400001,
        0.54238874674,
        0.54834949774,
        0.5476554007400001,
        0.54429720674,
        0.54675805574,
        0.54399602774,
        0.54474134974,
        0.54402258874,
        0.54239827974,
        0.54658179174,
        0.54435567474,
        0.5435139627400001,
        0.54374976674,
        0.54047541674,
        0.54291830174,
        0.54822876274,
        0.5426465687400001,
        0.5445497757400001,
        0.5447002467400001,
        0.54869675874,
        0.54187203574,
        0.54428353074,
        0.5446123967400001
      ],
      "exit_codes": [
        0,
        0,
        0,
        0,
        0,
        0,
        0,
        0,
        0,
        0,
        0,
        0,
        0,
        0,
        0,
        0,
        0,
        0,
        0,
        0,
        0,
        0,
        0,
        0,
        0
      ],
      "parameters": {
        "n": "1"
      }
    },
    {
      "command": "taskset -c 0 ./pendulum-2.exe --output-only-last --step-size 1 --rtol 1.e-5 --atol 1.e-7 --interval 10000",
      "mean": 0.5283640863400002,
      "stddev": 0.004007974530868888,
      "median": 0.52772915874,
      "user": 0.52502596,
      "system": 0.0033305392,
      "min": 0.52270140174,
      "max": 0.54023850874,
      "times": [
        0.52772915874,
        0.53272398874,
        0.5271112127400001,
        0.52581697474,
        0.52964602474,
        0.53449730074,
        0.52942500774,
        0.52533865574,
        0.53571332274,
        0.52509244174,
        0.52977636774,
        0.52568271574,
        0.54023850874,
        0.52600809474,
        0.52974064274,
        0.5298171647400001,
        0.52779499774,
        0.52452520874,
        0.52696208674,
        0.52270140174,
        0.52872262874,
        0.52587636874,
        0.52892209774,
        0.5242277427400001,
        0.52501204274
      ],
      "exit_codes": [
        0,
        0,
        0,
        0,
        0,
        0,
        0,
        0,
        0,
        0,
        0,
        0,
        0,
        0,
        0,
        0,
        0,
        0,
        0,
        0,
        0,
        0,
        0,
        0,
        0
      ],
      "parameters": {
        "n": "2"
      }
    },
    {
      "command": "taskset -c 0 ./pendulum-3.exe --output-only-last --step-size 1 --rtol 1.e-5 --atol 1.e-7 --interval 10000",
      "mean": 0.5273904598999999,
      "stddev": 0.004489531046028428,
      "median": 0.52627876874,
      "user": 0.52447116,
      "system": 0.0029174248,
      "min": 0.5234424547400001,
      "max": 0.54575100174,
      "times": [
        0.53155287174,
        0.5255746357400001,
        0.52441243374,
        0.52486275374,
        0.53296062274,
        0.52461633774,
        0.54575100174,
        0.52538032274,
        0.52381070174,
        0.52501123974,
        0.5234424547400001,
        0.5276274937400001,
        0.5288575627400001,
        0.52714047274,
        0.52793097174,
        0.52900621474,
        0.52627876874,
        0.52480969674,
        0.52877246174,
        0.52477141374,
        0.52668467074,
        0.52496932374,
        0.52537431274,
        0.5284726107400001,
        0.52669014674
      ],
      "exit_codes": [
        0,
        0,
        0,
        0,
        0,
        0,
        0,
        0,
        0,
        0,
        0,
        0,
        0,
        0,
        0,
        0,
        0,
        0,
        0,
        0,
        0,
        0,
        0,
        0,
        0
      ],
      "parameters": {
        "n": "3"
      }
    }
  ]
}
