{
  "results": [
    {
      "command": "if taskset -c 0 ./cauer_10-2.exe --output-only-last --step-size 1 --rtol 1.e-5 --atol 1.e-7 --interval 10000; then sleep 5;  else exit 1; fi",
      "mean": 6.39187442378,
      "stddev": 0.012873165882596937,
      "median": 6.38809733094,
      "user": 1.3872733400000004,
      "system": 0.004394543999999999,
      "min": 6.38229785294,
      "max": 6.42833596394,
      "times": [
        6.38419356394,
        6.38868082694,
        6.38450958394,
        6.38613161194,
        6.38832126594,
        6.3896096169400005,
        6.38809733094,
        6.3849088079400005,
        6.4199183279400005,
        6.42833596394,
        6.38488663594,
        6.39187796394,
        6.38229785294,
        6.3827818589400005,
        6.3850589199400005,
        6.42271611294,
        6.39670107094,
        6.38233605894,
        6.38944799094,
        6.38962951494,
        6.3825378519400005,
        6.38314552694,
        6.39932910394,
        6.39602444694,
        6.38538278394
      ],
      "exit_codes": [
        0,
        0,
        0,
        0,
        0,
        0,
        0,
        0,
        0,
        0,
        0,
        0,
        0,
        0,
        0,
        0,
        0,
        0,
        0,
        0,
        0,
        0,
        0,
        0,
        0
      ],
      "parameters": {
        "n": "2"
      }
    },
    {
      "command": "if taskset -c 0 ./cauer_10-1.exe --output-only-last --step-size 1 --rtol 1.e-5 --atol 1.e-7 --interval 10000; then sleep 5;  else exit 1; fi",
      "mean": 6.393288462499999,
      "stddev": 0.010456664869320986,
      "median": 6.38937339494,
      "user": 1.3882145,
      "system": 0.004883008,
      "min": 6.38187394494,
      "max": 6.43190134394,
      "times": [
        6.38810865794,
        6.38528188394,
        6.38369562094,
        6.38447761494,
        6.39266164094,
        6.3901301119400005,
        6.39838695194,
        6.38458029094,
        6.40121451894,
        6.38187394494,
        6.38635704994,
        6.3888646629400005,
        6.39598117294,
        6.38891379794,
        6.38847600994,
        6.38865193194,
        6.394011909940001,
        6.43190134394,
        6.3960730129400005,
        6.40909117194,
        6.4011223069400005,
        6.3977678439400005,
        6.38937339494,
        6.398648858940001,
        6.38656585594
      ],
      "exit_codes": [
        0,
        0,
        0,
        0,
        0,
        0,
        0,
        0,
        0,
        0,
        0,
        0,
        0,
        0,
        0,
        0,
        0,
        0,
        0,
        0,
        0,
        0,
        0,
        0,
        0
      ],
      "parameters": {
        "n": "1"
      }
    },
    {
      "command": "if taskset -c 0 ./cauer_10-0.exe --output-only-last --step-size 1 --rtol 1.e-5 --atol 1.e-7 --interval 10000; then sleep 5;  else exit 1; fi",
      "mean": 6.405635792020002,
      "stddev": 0.007420685170816511,
      "median": 6.4028627159400004,
      "user": 1.4012412600000002,
      "system": 0.004207488,
      "min": 6.39793444994,
      "max": 6.424810630940001,
      "times": [
        6.423348996940001,
        6.42083063194,
        6.40480660594,
        6.40925831494,
        6.40240185794,
        6.4028627159400004,
        6.40201412494,
        6.40206673594,
        6.40005654894,
        6.39980797794,
        6.40327028894,
        6.405117246940001,
        6.40155550794,
        6.424810630940001,
        6.39884614594,
        6.39793444994,
        6.41304096794,
        6.40339560794,
        6.4103579039400005,
        6.403213435940001,
        6.40044902994,
        6.40101475994,
        6.40198631294,
        6.40266321994,
        6.40578477994
      ],
      "exit_codes": [
        0,
        0,
        0,
        0,
        0,
        0,
        0,
        0,
        0,
        0,
        0,
        0,
        0,
        0,
        0,
        0,
        0,
        0,
        0,
        0,
        0,
        0,
        0,
        0,
        0
      ],
      "parameters": {
        "n": "0"
      }
    },
    {
      "command": "if taskset -c 0 ./cauer_10-ad.exe --output-only-last --step-size 1 --rtol 1.e-5 --atol 1.e-7 --interval 10000; then sleep 5;  else exit 1; fi",
      "mean": 6.383885310700001,
      "stddev": 0.0068001306662597025,
      "median": 6.38178875794,
      "user": 1.3788784599999997,
      "system": 0.004786088000000001,
      "min": 6.37589944894,
      "max": 6.40441934594,
      "times": [
        6.37758790194,
        6.37750069694,
        6.37940724994,
        6.3871864699400005,
        6.40441934594,
        6.38711781894,
        6.381039120940001,
        6.38212874094,
        6.38233109394,
        6.39504372494,
        6.38074890994,
        6.37851788394,
        6.39008085794,
        6.37780579394,
        6.37589944894,
        6.3850413899400005,
        6.39801062494,
        6.38052372894,
        6.38654067394,
        6.38178875794,
        6.38221865494,
        6.380439007940001,
        6.38252137294,
        6.38147128894,
        6.3817622079400005
      ],
      "exit_codes": [
        0,
        0,
        0,
        0,
        0,
        0,
        0,
        0,
        0,
        0,
        0,
        0,
        0,
        0,
        0,
        0,
        0,
        0,
        0,
        0,
        0,
        0,
        0,
        0,
        0
      ],
      "parameters": {
        "n": "ad"
      }
    }
  ]
}
