{
  "results": [
    {
      "command": "taskset -c 0 ./cauer_10-ad.exe --output-only-last --step-size 1 --rtol 1.e-5 --atol 1.e-7 --interval 10000",
      "mean": 1.3831345513,
      "stddev": 0.009640265825041986,
      "median": 1.37959455882,
      "user": 1.3797998599999999,
      "system": 0.0032781968,
      "min": 1.37273458082,
      "max": 1.41894673582,
      "times": [
        1.39312254282,
        1.3866738758200001,
        1.37959455882,
        1.3792836318200001,
        1.3749021678200002,
        1.37669734782,
        1.3806514008200002,
        1.39061219082,
        1.39257895682,
        1.37273458082,
        1.3771041888200002,
        1.38253723582,
        1.37453532682,
        1.3761824118200001,
        1.39005991182,
        1.39406642882,
        1.38189540082,
        1.37915243282,
        1.38203982482,
        1.37864507382,
        1.3813752838200002,
        1.37720023182,
        1.3788692338200002,
        1.37890280682,
        1.41894673582
      ],
      "exit_codes": [
        0,
        0,
        0,
        0,
        0,
        0,
        0,
        0,
        0,
        0,
        0,
        0,
        0,
        0,
        0,
        0,
        0,
        0,
        0,
        0,
        0,
        0,
        0,
        0,
        0
      ],
      "parameters": {
        "n": "ad"
      }
    },
    {
      "command": "taskset -c 0 ./cauer_10-0.exe --output-only-last --step-size 1 --rtol 1.e-5 --atol 1.e-7 --interval 10000",
      "mean": 1.4032249858599999,
      "stddev": 0.006033508373487601,
      "median": 1.40086319182,
      "user": 1.4004864199999998,
      "system": 0.0027046815999999998,
      "min": 1.3956601748200002,
      "max": 1.4221973138200001,
      "times": [
        1.40082247882,
        1.39943628682,
        1.40210844182,
        1.40789158882,
        1.41076613582,
        1.39980056282,
        1.4090412808200001,
        1.40592940382,
        1.40506623182,
        1.40684824482,
        1.3979885998200001,
        1.39895911682,
        1.41041247182,
        1.40086319182,
        1.39797394682,
        1.4010699668200002,
        1.4221973138200001,
        1.39906456882,
        1.40305070482,
        1.41026501782,
        1.4005596388200001,
        1.39861962782,
        1.3996279928200002,
        1.3956601748200002,
        1.3966016568200001
      ],
      "exit_codes": [
        0,
        0,
        0,
        0,
        0,
        0,
        0,
        0,
        0,
        0,
        0,
        0,
        0,
        0,
        0,
        0,
        0,
        0,
        0,
        0,
        0,
        0,
        0,
        0,
        0
      ],
      "parameters": {
        "n": "0"
      }
    },
    {
      "command": "taskset -c 0 ./cauer_10-1.exe --output-only-last --step-size 1 --rtol 1.e-5 --atol 1.e-7 --interval 10000",
      "mean": 1.38695995158,
      "stddev": 0.004258772272215204,
      "median": 1.3861822428200001,
      "user": 1.38369414,
      "system": 0.0032047167999999997,
      "min": 1.38136117482,
      "max": 1.40011759882,
      "times": [
        1.38655713182,
        1.38366467182,
        1.38940411882,
        1.39073419282,
        1.38810969482,
        1.3852506498200001,
        1.3841740578200001,
        1.38877293482,
        1.39330098182,
        1.38361468482,
        1.38598377082,
        1.39430135382,
        1.40011759882,
        1.3861822428200001,
        1.38697477382,
        1.3867726128200002,
        1.38658495582,
        1.38347169382,
        1.38412152982,
        1.38980652782,
        1.3817190858200001,
        1.38136117482,
        1.38507933182,
        1.38411758982,
        1.38382142782
      ],
      "exit_codes": [
        0,
        0,
        0,
        0,
        0,
        0,
        0,
        0,
        0,
        0,
        0,
        0,
        0,
        0,
        0,
        0,
        0,
        0,
        0,
        0,
        0,
        0,
        0,
        0,
        0
      ],
      "parameters": {
        "n": "1"
      }
    },
    {
      "command": "taskset -c 0 ./cauer_10-2.exe --output-only-last --step-size 1 --rtol 1.e-5 --atol 1.e-7 --interval 10000",
      "mean": 1.3830742573,
      "stddev": 0.008688146214556979,
      "median": 1.3803628698200001,
      "user": 1.3801297,
      "system": 0.0028998416000000004,
      "min": 1.37607260182,
      "max": 1.41632846682,
      "times": [
        1.37607260182,
        1.37963063782,
        1.38599752982,
        1.38123461982,
        1.41632846682,
        1.3820776058200002,
        1.37908921382,
        1.3803628698200001,
        1.37874201982,
        1.3764027248200001,
        1.38036514982,
        1.37796233682,
        1.37890527582,
        1.38259648982,
        1.3791030908200002,
        1.37761538582,
        1.38103769482,
        1.3849791308200001,
        1.4021666398200001,
        1.38012528882,
        1.38723125082,
        1.3880176668200002,
        1.37975373082,
        1.38155909982,
        1.3794999108200001
      ],
      "exit_codes": [
        0,
        0,
        0,
        0,
        0,
        0,
        0,
        0,
        0,
        0,
        0,
        0,
        0,
        0,
        0,
        0,
        0,
        0,
        0,
        0,
        0,
        0,
        0,
        0,
        0
      ],
      "parameters": {
        "n": "2"
      }
    }
  ]
}
