{
  "results": [
    {
      "command": "taskset -c 0 ./furuta-ad.res.exe 105602",
      "mean": 5.652153249140001,
      "stddev": 0.013432256007105976,
      "median": 5.656480606380001,
      "user": 5.647951280000001,
      "system": 0.0038354552,
      "min": 5.620034270380001,
      "max": 5.67545450638,
      "times": [
        5.648252317380001,
        5.6314943813800005,
        5.63703022438,
        5.656480606380001,
        5.6461519223800005,
        5.659059812380001,
        5.66160164438,
        5.659094206380001,
        5.66147195338,
        5.66353253738,
        5.67545450638,
        5.63858793538,
        5.66277545738,
        5.664415276380001,
        5.66159463638,
        5.65410657738,
        5.662549991380001,
        5.627319944380001,
        5.656400731380001,
        5.63817367938,
        5.65995427138,
        5.656972034380001,
        5.656218083380001,
        5.64510422738,
        5.620034270380001
      ],
      "exit_codes": [
        0,
        0,
        0,
        0,
        0,
        0,
        0,
        0,
        0,
        0,
        0,
        0,
        0,
        0,
        0,
        0,
        0,
        0,
        0,
        0,
        0,
        0,
        0,
        0,
        0
      ],
      "parameters": {
        "n": "ad"
      }
    },
    {
      "command": "taskset -c 0 ./furuta-0.res.exe 105602",
      "mean": 3.5105648535,
      "stddev": 0.007127159416887588,
      "median": 3.5099096953799998,
      "user": 3.5067050400000004,
      "system": 0.003617104000000001,
      "min": 3.49900870438,
      "max": 3.52722119838,
      "times": [
        3.51155466938,
        3.52722119838,
        3.51545419938,
        3.50783575838,
        3.5099096953799998,
        3.49900870438,
        3.50396700438,
        3.50379320638,
        3.52271900238,
        3.50701644338,
        3.50644760838,
        3.50260208438,
        3.52009477838,
        3.5180629623799997,
        3.51420284238,
        3.51200739738,
        3.51460798638,
        3.51986845838,
        3.51048921438,
        3.5080174623800002,
        3.50011939738,
        3.50417330838,
        3.51052397538,
        3.50795813138,
        3.50646584838
      ],
      "exit_codes": [
        0,
        0,
        0,
        0,
        0,
        0,
        0,
        0,
        0,
        0,
        0,
        0,
        0,
        0,
        0,
        0,
        0,
        0,
        0,
        0,
        0,
        0,
        0,
        0,
        0
      ],
      "parameters": {
        "n": "0"
      }
    }
  ]
}
