{
  "results": [
    {
      "command": "taskset -c 0 ./furuta-ad.jac.exe 4108",
      "mean": 8.079371102659998,
      "stddev": 0.03692473137750237,
      "median": 8.08191250274,
      "user": 8.073798779999999,
      "system": 0.005011584,
      "min": 8.01590123474,
      "max": 8.13259481874,
      "times": [
        8.04779170174,
        8.08588849074,
        8.01590123474,
        8.02085257774,
        8.13259481874,
        8.07106560674,
        8.06266669174,
        8.09419799374,
        8.09031516974,
        8.08191250274,
        8.12346907174,
        8.10588530374,
        8.04521553974,
        8.13070338974,
        8.01930926274,
        8.12970135774,
        8.11453137074,
        8.11511246374,
        8.07033071774,
        8.06445993774,
        8.02819809674,
        8.078871059739999,
        8.12200725974,
        8.08300259274,
        8.05029335374
      ],
      "exit_codes": [
        0,
        0,
        0,
        0,
        0,
        0,
        0,
        0,
        0,
        0,
        0,
        0,
        0,
        0,
        0,
        0,
        0,
        0,
        0,
        0,
        0,
        0,
        0,
        0,
        0
      ],
      "parameters": {
        "n": "ad"
      }
    },
    {
      "command": "taskset -c 0 ./furuta-0.jac.exe 4108",
      "mean": 8.04583588018,
      "stddev": 0.04035355110091133,
      "median": 8.04720759474,
      "user": 8.03994098,
      "system": 0.0053121424,
      "min": 7.98274949874,
      "max": 8.115999284739999,
      "times": [
        8.09204868674,
        7.98282549774,
        8.00916373774,
        8.00193015474,
        8.06736051474,
        8.08419941874,
        8.03817287374,
        8.08512915074,
        8.00476020374,
        8.115999284739999,
        8.08246883574,
        8.03676220674,
        8.02664786674,
        8.06110036274,
        8.04720759474,
        8.09652682574,
        8.07267033474,
        8.02822705874,
        7.98274949874,
        8.08702767974,
        8.09114372574,
        8.04945948274,
        8.00849517074,
        7.99833177074,
        7.99548906674
      ],
      "exit_codes": [
        0,
        0,
        0,
        0,
        0,
        0,
        0,
        0,
        0,
        0,
        0,
        0,
        0,
        0,
        0,
        0,
        0,
        0,
        0,
        0,
        0,
        0,
        0,
        0,
        0
      ],
      "parameters": {
        "n": "0"
      }
    },
    {
      "command": "taskset -c 0 ./furuta-1.jac.exe 4108",
      "mean": 7.9143306107,
      "stddev": 0.01888593458980849,
      "median": 7.90680983574,
      "user": 7.910189059999999,
      "system": 0.0036085056000000003,
      "min": 7.88879443674,
      "max": 7.95435712274,
      "times": [
        7.9377975237400005,
        7.90680983574,
        7.92337628774,
        7.91742348574,
        7.91696456074,
        7.95349881974,
        7.90372976574,
        7.93679667574,
        7.89878574274,
        7.93128790174,
        7.89701369574,
        7.90204734774,
        7.90106772874,
        7.89455925674,
        7.90323586074,
        7.9052691377399995,
        7.90739247174,
        7.89572165774,
        7.94758366074,
        7.95435712274,
        7.90888598074,
        7.91538918674,
        7.88879443674,
        7.9045393617399995,
        7.90593776174
      ],
      "exit_codes": [
        0,
        0,
        0,
        0,
        0,
        0,
        0,
        0,
        0,
        0,
        0,
        0,
        0,
        0,
        0,
        0,
        0,
        0,
        0,
        0,
        0,
        0,
        0,
        0,
        0
      ],
      "parameters": {
        "n": "1"
      }
    },
    {
      "command": "taskset -c 0 ./furuta-2.jac.exe 4108",
      "mean": 6.232069973940001,
      "stddev": 0.010511902740978135,
      "median": 6.23134083474,
      "user": 6.227518540000002,
      "system": 0.0042359424000000005,
      "min": 6.21688055474,
      "max": 6.25893207174,
      "times": [
        6.23863360574,
        6.25893207174,
        6.21776736874,
        6.24576926474,
        6.24041247174,
        6.22453408274,
        6.23134083474,
        6.24130206874,
        6.22626943274,
        6.24260627874,
        6.21991346174,
        6.23898382874,
        6.21688055474,
        6.24141927074,
        6.22209216574,
        6.22734663274,
        6.23987576974,
        6.23452960874,
        6.21703247274,
        6.22381526074,
        6.23545051674,
        6.22538255974,
        6.23076622874,
        6.23657941674,
        6.22411411974
      ],
      "exit_codes": [
        0,
        0,
        0,
        0,
        0,
        0,
        0,
        0,
        0,
        0,
        0,
        0,
        0,
        0,
        0,
        0,
        0,
        0,
        0,
        0,
        0,
        0,
        0,
        0,
        0
      ],
      "parameters": {
        "n": "2"
      }
    },
    {
      "command": "taskset -c 0 ./furuta-3.jac.exe 4108",
      "mean": 5.981654391059999,
      "stddev": 0.01000797863286898,
      "median": 5.98130097174,
      "user": 5.977006499999999,
      "system": 0.004320662400000001,
      "min": 5.96829657574,
      "max": 6.00979369574,
      "times": [
        5.98952325774,
        5.97218056374,
        5.98395637674,
        5.97058948074,
        5.99848916274,
        5.97687281074,
        5.97977539874,
        5.97118951274,
        5.98332570174,
        5.96988652374,
        5.98435600774,
        5.97672950674,
        5.97879316374,
        5.97198922574,
        5.98938503474,
        5.99871309074,
        5.98130097174,
        5.98170117674,
        5.97339246274,
        5.98557345574,
        5.97770226674,
        5.98400718974,
        6.00979369574,
        5.98383716274,
        5.96829657574
      ],
      "exit_codes": [
        0,
        0,
        0,
        0,
        0,
        0,
        0,
        0,
        0,
        0,
        0,
        0,
        0,
        0,
        0,
        0,
        0,
        0,
        0,
        0,
        0,
        0,
        0,
        0,
        0
      ],
      "parameters": {
        "n": "3"
      }
    },
    {
      "command": "taskset -c 0 ./furuta-4.jac.exe 4108",
      "mean": 4.731949929020001,
      "stddev": 0.006969525358434328,
      "median": 4.73337598274,
      "user": 4.727851620000001,
      "system": 0.0039007464000000006,
      "min": 4.72223530874,
      "max": 4.74400662474,
      "times": [
        4.73633310074,
        4.72239837274,
        4.73528842074,
        4.73747397774,
        4.72325796474,
        4.73702376174,
        4.74296756074,
        4.72711907574,
        4.72496953774,
        4.72249823274,
        4.73337598274,
        4.72718142974,
        4.73750600774,
        4.73954615374,
        4.74039889974,
        4.74400662474,
        4.72223530874,
        4.72576953074,
        4.73242290774,
        4.72479849974,
        4.73762633574,
        4.72663210174,
        4.73370430774,
        4.73720305074,
        4.72701107874
      ],
      "exit_codes": [
        0,
        0,
        0,
        0,
        0,
        0,
        0,
        0,
        0,
        0,
        0,
        0,
        0,
        0,
        0,
        0,
        0,
        0,
        0,
        0,
        0,
        0,
        0,
        0,
        0
      ],
      "parameters": {
        "n": "4"
      }
    },
    {
      "command": "taskset -c 0 ./furuta-5.jac.exe 4108",
      "mean": 4.48939524082,
      "stddev": 0.008758415059336224,
      "median": 4.48811071774,
      "user": 4.48468134,
      "system": 0.004470583200000001,
      "min": 4.47368349574,
      "max": 4.50495727774,