{
  "results": [
    {
      "command": "taskset -c 0 ./cauer_100-ad.jac.exe 2900",
      "mean": 3.6886436513200005,
      "stddev": 0.0145922368930813,
      "median": 3.68527476376,
      "user": 3.6689331399999996,
      "system": 0.01934086,
      "min": 3.67209827576,
      "max": 3.7318109217599997,
      "times": [
        3.69983344576,
        3.7144662927599996,
        3.6831484887599997,
        3.68548035976,
        3.68527476376,
        3.67754501676,
        3.67209827576,
        3.6857158327599997,
        3.6738426927599996,
        3.6886200737599997,
        3.6828186337599997,
        3.67285460976,
        3.67332948476,
        3.68278599676,
        3.7318109217599997,
        3.69708587476,
        3.67590576576,
        3.69220466676,
        3.71260395276,
        3.6844418957599996,
        3.68635907476,
        3.70573989676,
        3.6811914247599997,
        3.6882604767599996,
        3.68267336476
      ],
      "exit_codes": [
        0,
        0,
        0,
        0,
        0,
        0,
        0,
        0,
        0,
        0,
        0,
        0,
        0,
        0,
        0,
        0,
        0,
        0,
        0,
        0,
        0,
        0,
        0,
        0,
        0
      ],
      "parameters": {
        "n": "ad"
      }
    },
    {
      "command": "taskset -c 0 ./cauer_100-0.jac.exe 2900",
      "mean": 3.6877217749199995,
      "stddev": 0.012337409925476899,
      "median": 3.6857844197599996,
      "user": 3.66687926,
      "system": 0.02047986,
      "min": 3.66940621276,
      "max": 3.7181144597599998,
      "times": [
        3.6836295297599997,
        3.6786706737599997,
        3.67676589976,
        3.68283378376,
        3.6766551337599997,
        3.6852190927599997,
        3.6902326677599997,
        3.6964157107599998,
        3.68240018176,
        3.6730421127599997,
        3.6900488817599997,
        3.69277208776,
        3.69407910276,
        3.68720542976,
        3.68954064776,
        3.67227532776,
        3.6809290887599997,
        3.68176555876,
        3.7163512767599998,
        3.70855918876,
        3.7181144597599998,
        3.66940621276,
        3.69418210076,
        3.6861658027599997,
        3.6857844197599996
      ],
      "exit_codes": [
        0,
        0,
        0,
        0,
        0,
        0,
        0,
        0,
        0,
        0,
        0,
        0,
        0,
        0,
        0,
        0,
        0,
        0,
        0,
        0,
        0,
        0,
        0,
        0,
        0
      ],
      "parameters": {
        "n": "0"
      }
    },
    {
      "command": "taskset -c 0 ./cauer_100-1.jac.exe 2900",
      "mean": 4.2508712633200005,
      "stddev": 0.014314314301755176,
      "median": 4.24645919476,
      "user": 3.1133114600000003,
      "system": 1.13711614,
      "min": 4.23196260776,
      "max": 4.279806976760001,
      "times": [
        4.24122663576,
        4.23196260776,
        4.2619095187600005,
        4.27522133176,
        4.26139698776,
        4.2340433957600005,
        4.24483427876,
        4.266856020760001,
        4.25509517376,
        4.25687217676,
        4.26034033976,
        4.23705808276,
        4.24659610676,
        4.26531693876,
        4.256321879760001,
        4.24645919476,
        4.23585790276,
        4.279806976760001,
        4.27512666676,
        4.23935896576,
        4.23975000576,
        4.23235524376,
        4.24104232176,
        4.24376050576,
        4.24321232376
      ],
      "exit_codes": [
        0,
        0,
        0,
        0,
        0,
        0,
        0,
        0,
        0,
        0,
        0,
        0,
        0,
        0,
        0,
        0,
        0,
        0,
        0,
        0,
        0,
        0,
        0,
        0,
        0
      ],
      "parameters": {
        "n": "1"
      }
    },
    {
      "command": "taskset -c 0 ./cauer_100-2.jac.exe 2900",
      "mean": 0.14281146064,
      "stddev": 0.0006429026207081134,
      "median": 0.14270856376,
      "user": 0.1309197,
      "system": 0.011843855999999995,
      "min": 0.14172224876,
      "max": 0.14455242176,
      "times": [
        0.14202399476,
        0.14268870776,
        0.14281693876,
        0.14270856376,
        0.14330070576,
        0.14256237076,
        0.14288280076,
        0.14259749176,
        0.14272897975999999,
        0.14325569076,
        0.14343442676,
        0.14364262576,
        0.14249207776,
        0.14172224876,
        0.14258154476,
        0.14246298576,
        0.14220871676,
        0.14236413676,
        0.14279864176,
        0.14218467476,
        0.14200901776,
        0.14390499176,
        0.14298604976,
        0.14337571076,
        0.14455242176
      ],
      "exit_codes": [
        0,
        0,
        0,
        0,
        0,
        0,
        0,
        0,
        0,
        0,
        0,
        0,
        0,
        0,
        0,
        0,
        0,
        0,
        0,
        0,
        0,
        0,
        0,
        0,
        0
      ],
      "parameters": {
        "n": "2"
      }
    }
  ]
}
