{
  "results": [
    {
      "command": "taskset -c 0 ./cauer_10-ad.jac.exe 2300",
      "mean": 0.07143382640000001,
      "stddev": 0.0002131343301957716,
      "median": 0.07140078860000001,
      "user": 0.06909641999999999,
      "system": 0.002425092799999999,
      "min": 0.07103943360000001,
      "max": 0.07187909260000001,
      "times": [
        0.07140078860000001,
        0.07138718860000001,
        0.07103943360000001,
        0.0712817396,
        0.07163594660000001,
        0.07111775960000001,
        0.07153750460000001,
        0.0718131416,
        0.0712806326,
        0.07187909260000001,
        0.07143585860000001,
        0.07135934860000001,
        0.07105772460000001,
        0.07158543060000001,
        0.07149971860000001,
        0.07127594860000001,
        0.07136013760000001,
        0.0715529616,
        0.07125351060000001,
        0.07133590660000001,
        0.07149697560000001,
        0.07157425760000001,
        0.07166581660000002,
        0.0713658206,
        0.07165301560000001
      ],
      "exit_codes": [
        0,
        0,
        0,
        0,
        0,
        0,
        0,
        0,
        0,
        0,
        0,
        0,
        0,
        0,
        0,
        0,
        0,
        0,
        0,
        0,
        0,
        0,
        0,
        0,
        0
      ],
      "parameters": {
        "n": "ad"
      }
    },
    {
      "command": "taskset -c 0 ./cauer_10-0.jac.exe 2300",
      "mean": 0.07151789572000002,
      "stddev": 0.0002680008788294538,
      "median": 0.0715641436,
      "user": 0.06963774,
      "system": 0.0019770831999999998,
      "min": 0.07104129260000001,
      "max": 0.07191634460000002,
      "times": [
        0.0715866066,
        0.0717435626,
        0.07143802360000001,
        0.0711872236,
        0.07151827560000001,
        0.07183276960000001,
        0.07191634460000002,
        0.0716600336,
        0.07138112260000001,
        0.0715641436,
        0.07106367860000001,
        0.07132549160000001,
        0.0713665296,
        0.07170002060000001,
        0.07181553260000001,
        0.07166569360000001,
        0.07144543060000001,
        0.07113309960000001,
        0.07191025460000001,
        0.0717565106,
        0.07164218060000001,
        0.07146212760000001,
        0.07107646260000001,
        0.07104129260000001,
        0.0717149816
      ],
      "exit_codes": [
        0,
        0,
        0,
        0,
        0,
        0,
        0,
        0,
        0,
        0,
        0,
        0,
        0,
        0,
        0,
        0,
        0,
        0,
        0,
        0,
        0,
        0,
        0,
        0,
        0
      ],
      "parameters": {
        "n": "0"
      }
    },
    {
      "command": "taskset -c 0 ./cauer_10-1.jac.exe 2300",
      "mean": 0.05992764936,
      "stddev": 0.0015366580772166836,
      "median": 0.0596944316,
      "user": 0.058655739999999984,
      "system": 0.0014315152,
      "min": 0.0588751496,
      "max": 0.0671886616,
      "times": [
        0.0671886616,
        0.0597435496,
        0.0596944316,
        0.0597522646,
        0.0598171236,
        0.059666398600000004,
        0.0597908686,
        0.0597640926,
        0.0595257976,
        0.0592205156,
        0.0593422686,
        0.0603170626,
        0.0593904646,
        0.0597782586,
        0.0596871066,
        0.0597052426,
        0.059482839600000004,
        0.0596148076,
        0.0595851806,
        0.0597125036,
        0.0599595116,
        0.0597136676,
        0.0588751496,
        0.0593208426,
        0.059542623600000004
      ],
      "exit_codes": [
        0,
        0,
        0,
        0,
        0,
        0,
        0,
        0,
        0,
        0,
        0,
        0,
        0,
        0,
        0,
        0,
        0,
        0,
        0,
        0,
        0,
        0,
        0,
        0,
        0
      ],
      "parameters": {
        "n": "1"
      }
    },
    {
      "command": "taskset -c 0 ./cauer_10-2.jac.exe 2300",
      "mean": 0.008712809840000002,
      "stddev": 0.00012797609927224697,
      "median": 0.008674093600000002,
      "user": 0.006491860000000001,
      "system": 0.0023029424,
      "min": 0.008521614600000001,
      "max": 0.009028762600000002,
      "times": [
        0.008674093600000002,
        0.008732458600000001,
        0.008919598600000002,
        0.008673339600000001,
        0.008775672600000001,
        0.0085507336,
        0.0086590746,
        0.008862524600000001,
        0.0086647556,
        0.0087980976,
        0.0088837076,
        0.0086948096,
        0.008698918600000001,
        0.008652478600000001,
        0.008730038600000002,
        0.008603762600000002,
        0.0087532326,
        0.008521614600000001,
        0.008601232600000001,
        0.008614096600000001,
        0.009028762600000002,
        0.0089142126,
        0.008606397600000001,
        0.008595128600000002,
        0.0086115036
      ],
      "exit_codes": [
        0,
        0,
        0,
        0,
        0,
        0,
        0,
        0,
        0,
        0,
        0,
        0,
        0,
        0,
        0,
        0,
        0,
        0,
        0,
        0,
        0,
        0,
        0,
        0,
        0
      ],
      "parameters": {
        "n": "2"
      }
    }
  ]
}
