{
  "results": [
    {
      "command": "taskset -c 0 ./cauer_100-ad.exe --output-only-last --step-size 1 --rtol 1.e-5 --atol 1.e-7 --interval 1000",
      "mean": 2.6914372052800006,
      "stddev": 0.004738631926446847,
      "median": 2.6907578610400003,
      "user": 2.6643308199999995,
      "system": 0.02686478,
      "min": 2.68374085004,
      "max": 2.7067594610400003,
      "times": [
        2.69120357904,
        2.69007317404,
        2.6976172320400003,
        2.6883766540400003,
        2.6893233530400003,
        2.68846926304,
        2.69027159004,
        2.69149973204,
        2.68758125404,
        2.69447981904,
        2.68385283204,
        2.69174076704,
        2.69280029904,
        2.7067594610400003,
        2.6907578610400003,
        2.6883032950400003,
        2.69070194204,
        2.69774523904,
        2.69397771904,
        2.69129844004,
        2.68374085004,
        2.68820786804,
        2.68814122004,
        2.6944336460400002,
        2.69457304204
      ],
      "exit_codes": [
        0,
        0,
        0,
        0,
        0,
        0,
        0,
        0,
        0,
        0,
        0,
        0,
        0,
        0,
        0,
        0,
        0,
        0,
        0,
        0,
        0,
        0,
        0,
        0,
        0
      ],
      "parameters": {
        "n": "ad"
      }
    },
    {
      "command": "taskset -c 0 ./cauer_100-0.exe --output-only-last --step-size 1 --rtol 1.e-5 --atol 1.e-7 --interval 1000",
      "mean": 2.6966633298400007,
      "stddev": 0.012725189316125957,
      "median": 2.69277608304,
      "user": 2.6706281799999996,
      "system": 0.0257831,
      "min": 2.68473972004,
      "max": 2.7486317650400003,
      "times": [
        2.70192210704,
        2.69101094204,
        2.69290436004,
        2.69277608304,
        2.69104529304,
        2.70296372504,
        2.69164663604,
        2.68473972004,
        2.68757010704,
        2.70182382504,
        2.69621665904,
        2.68881823804,
        2.6903771880400003,
        2.68809864904,
        2.69464583804,
        2.68810250304,
        2.7107603510400002,
        2.70486667804,
        2.70300644104,
        2.69181233304,
        2.6871008890400003,
        2.6898830410400003,
        2.70156803504,
        2.7486317650400003,
        2.6942918390400004
      ],
      "exit_codes": [
        0,
        0,
        0,
        0,
        0,
        0,
        0,
        0,
        0,
        0,
        0,
        0,
        0,
        0,
        0,
        0,
        0,
        0,
        0,
        0,
        0,
        0,
        0,
        0,
        0
      ],
      "parameters": {
        "n": "0"
      }
    },
    {
      "command": "taskset -c 0 ./cauer_100-1.exe --output-only-last --step-size 1 --rtol 1.e-5 --atol 1.e-7 --interval 1000",
      "mean": 2.6798987970400003,
      "stddev": 0.006042633218417357,
      "median": 2.67974148504,
      "user": 2.66339638,
      "system": 0.016255820000000004,
      "min": 2.67047178904,
      "max": 2.6955703100400004,
      "times": [
        2.67047178904,
        2.6795318630400002,
        2.68039787104,
        2.67848078604,
        2.68337149204,
        2.67970418204,
        2.6750213730400003,
        2.68302198704,
        2.67974148504,
        2.69155810104,
        2.67237081104,
        2.67359890604,
        2.68732003204,
        2.6782488620400002,
        2.68423937104,
        2.67446711004,
        2.6955703100400004,
        2.68019553904,
        2.67518100804,
        2.67226290004,
        2.68196929404,
        2.6821694320400002,
        2.67356490804,
        2.6849090920400003,
        2.6801014210400003
      ],
      "exit_codes": [
        0,
        0,
        0,
        0,
        0,
        0,
        0,
        0,
        0,
        0,
        0,
        0,
        0,
        0,
        0,
        0,
        0,
        0,
        0,
        0,
        0,
        0,
        0,
        0,
        0
      ],
      "parameters": {
        "n": "1"
      }
    },
    {
      "command": "taskset -c 0 ./cauer_100-2.exe --output-only-last --step-size 1 --rtol 1.e-5 --atol 1.e-7 --interval 1000",
      "mean": 2.73660840472,
      "stddev": 0.0045608630383432245,
      "median": 2.73619837704,
      "user": 2.6665748599999994,
      "system": 0.06978245999999999,
      "min": 2.72655601804,
      "max": 2.7472737190400003,
      "times": [
        2.73644619504,
        2.73608703404,
        2.73618839304,
        2.7385709350400003,
        2.73564416804,
        2.73619837704,
        2.74245611704,
        2.74099219404,
        2.72855151104,
        2.74280947104,
        2.7382658490400003,
        2.73470190404,
        2.73329635404,
        2.73110658904,
        2.7346970280400003,
        2.73416560304,
        2.7341968800400003,
        2.74277906204,
        2.7472737190400003,
        2.73665572704,
        2.73866146804,
        2.73667841904,
        2.7332529290400003,
        2.73897817304,
        2.72655601804
      ],
      "exit_codes": [
        0,
        0,
        0,
        0,
        0,
        0,
        0,
        0,
        0,
        0,
        0,
        0,
        0,
        0,
        0,
        0,
        0,
        0,
        0,
        0,
        0,
        0,
        0,
        0,
        0
      ],
      "parameters": {
        "n": "2"
      }
    }
  ]
}
