{
  "results": [
    {
      "command": "taskset -c 0 ./cauer_10-ad.res.exe --seed 0 106541",
      "mean": 0.24905876332,
      "stddev": 0.0018325950564734982,
      "median": 0.24886609532,
      "user": 0.24691242000000002,
      "system": 0.0021998208,
      "min": 0.24680634732000004,
      "max": 0.25363488432,
      "times": [
        0.24686609232000004,
        0.25012583032,
        0.24891561732000003,
        0.24844449332000001,
        0.24690635032000002,
        0.24702407332000004,
        0.24779997732000003,
        0.24956287432000004,
        0.25052849932,
        0.24693016332000003,
        0.24886609532,
        0.25133020232,
        0.25000050232,
        0.25177949632,
        0.24817100232000003,
        0.24832013632000002,
        0.25363488432,
        0.25138953632,
        0.24844584332000003,
        0.25005440032,
        0.24706304932000003,
        0.24680634732000004,
        0.24728882932000001,
        0.25004885532,
        0.25016593132
      ],
      "exit_codes": [
        0,
        0,
        0,
        0,
        0,
        0,
        0,
        0,
        0,
        0,
        0,
        0,
        0,
        0,
        0,
        0,
        0,
        0,
        0,
        0,
        0,
        0,
        0,
        0,
        0
      ],
      "parameters": {
        "n": "ad"
      }
    },
    {
      "command": "taskset -c 0 ./cauer_10-0.res.exe --seed 0 106541",
      "mean": 0.24813196215999997,
      "stddev": 0.0031335264204818457,
      "median": 0.24759939132000003,
      "user": 0.24634614,
      "system": 0.0018565720000000001,
      "min": 0.24436086232,
      "max": 0.25903524332,
      "times": [
        0.24906221232,
        0.24709733432000003,
        0.24848693232000002,
        0.24690384432000004,
        0.24646288832000002,
        0.25903524332,
        0.24708970832000002,
        0.24772442332000003,
        0.24588178332000002,
        0.24759939132000003,
        0.24436086232,
        0.25370903832,
        0.24553562432000003,
        0.24838708332000003,
        0.24527294332000002,
        0.24786891532000002,
        0.25351019032,
        0.24825704132000004,
        0.24828454532000002,
        0.24690480132000003,
        0.24625642032000003,
        0.24924592932000003,
        0.24811117232000002,
        0.24641053932000004,
        0.24584018632000001
      ],
      "exit_codes": [
        0,
        0,
        0,
        0,
        0,
        0,
        0,
        0,
        0,
        0,
        0,
        0,
        0,
        0,
        0,
        0,
        0,
        0,
        0,
        0,
        0,
        0,
        0,
        0,
        0
      ],
      "parameters": {
        "n": "0"
      }
    }
  ]
}
