{
  "results": [
    {
      "command": "taskset -c 0 ./furuta-ad.jac.exe --seed 0 4108",
      "mean": 8.069315606000002,
      "stddev": 0.0472620908657666,
      "median": 8.06083638452,
      "user": 8.064431560000001,
      "system": 0.004303510399999999,
      "min": 8.01274895052,
      "max": 8.15037830252,
      "times": [
        8.01912009452,
        8.01696484952,
        8.02515403352,
        8.04529116452,
        8.02985189552,
        8.02235209452,
        8.135798818520001,
        8.118089964520001,
        8.148638762520001,
        8.15037830252,
        8.029945122520001,
        8.06141196852,
        8.111168194520001,
        8.081820029520001,
        8.149967502520001,
        8.09578720652,
        8.10469384452,
        8.02936581552,
        8.021678448520001,
        8.06083638452,
        8.091807238520001,
        8.01274895052,
        8.02111181952,
        8.06032520752,
        8.088582436520001
      ],
      "exit_codes": [
        0,
        0,
        0,
        0,
        0,
        0,
        0,
        0,
        0,
        0,
        0,
        0,
        0,
        0,
        0,
        0,
        0,
        0,
        0,
        0,
        0,
        0,
        0,
        0,
        0
      ],
      "parameters": {
        "n": "ad"
      }
    },
    {
      "command": "taskset -c 0 ./furuta-0.jac.exe --seed 0 4108",
      "mean": 8.054438451360001,
      "stddev": 0.04642511017691537,
      "median": 8.04840626552,
      "user": 8.04918048,
      "system": 0.004665184,
      "min": 8.00122908652,
      "max": 8.150187759520001,
      "times": [
        8.09814048352,
        8.00122908652,
        8.00365345052,
        8.00535231552,
        8.106101862520001,
        8.013973269520001,
        8.08898183852,
        8.130543726520001,
        8.08288767252,
        8.04840626552,
        8.005240198520001,
        8.150187759520001,
        8.08661420852,
        8.007160285520001,
        8.00270689052,
        8.038870472520001,
        8.08395099752,
        8.005875188520001,
        8.07072132352,
        8.069829092520001,
        8.01042859352,
        8.10908239852,
        8.00769467652,
        8.04493677552,
        8.08839245152
      ],
      "exit_codes": [
        0,
        0,
        0,
        0,
        0,
        0,
        0,
        0,
        0,
        0,
        0,
        0,
        0,
        0,
        0,
        0,
        0,
        0,
        0,
        0,
        0,
        0,
        0,
        0,
        0
      ],
      "parameters": {
        "n": "0"
      }
    },
    {
      "command": "taskset -c 0 ./furuta-1.jac.exe --seed 0 4108",
      "mean": 7.932731020880002,
      "stddev": 0.018906312502634,
      "median": 7.93335621252,
      "user": 7.9266872,
      "system": 0.005416030400000001,
      "min": 7.89801473052,
      "max": 7.961616461519999,
      "times": [
        7.93876228352,
        7.9025052445199995,
        7.9014669045199994,
        7.957296158519999,
        7.92907539652,
        7.94274243052,
        7.95391985652,
        7.946318284519999,
        7.93224449052,
        7.94663640052,
        7.961616461519999,
        7.95860590652,
        7.91821788752,
        7.92203716652,
        7.932637361519999,
        7.89801473052,
        7.937774324519999,
        7.90880775752,
        7.93309958852,
        7.92008132052,
        7.9064109365199995,
        7.94842431052,
        7.9517493215199995,
        7.93647478552,
        7.93335621252
      ],
      "exit_codes": [
        0,
        0,
        0,
        0,
        0,
        0,
        0,
        0,
        0,
        0,
        0,
        0,
        0,
        0,
        0,
        0,
        0,
        0,
        0,
        0,
        0,
        0,
        0,
        0,
        0
      ],
      "parameters": {
        "n": "1"
      }
    },
    {
      "command": "taskset -c 0 ./furuta-2.jac.exe --seed 0 4108",
      "mean": 6.304453947800002,
      "stddev": 0.013276955755005681,
      "median": 6.30476864252,
      "user": 6.298980879999999,
      "system": 0.004952473600000002,
      "min": 6.27929688452,
      "max": 6.33506985052,
      "times": [
        6.311333717519999,
        6.30010871052,
        6.30476864252,
        6.308737637519999,
        6.29150515152,
        6.30831922452,
        6.322488197519999,
        6.29715512752,
        6.28721862952,
        6.33506985052,
        6.323767440519999,
        6.31593852352,
        6.28813292952,
        6.31005369352,
        6.30540627352,
        6.3027441915199995,
        6.314254046519999,
        6.29568421052,
        6.28815741752,
        6.29792488852,
        6.27929688452,
        6.29639716252,
        6.29859814552,
        6.30568846252,
        6.322599535519999
      ],
      "exit_codes": [
        0,
        0,
        0,
        0,
        0,
        0,
        0,
        0,
        0,
        0,
        0,
        0,
        0,
        0,
        0,
        0,
        0,
        0,
        0,
        0,
        0,
        0,
        0,
        0,
        0
      ],
      "parameters": {
        "n": "2"
      }
    },
    {
      "command": "taskset -c 0 ./furuta-3.jac.exe --seed 0 4108",
      "mean": 5.953556846040001,
      "stddev": 0.01302965049838131,
      "median": 5.95352929552,
      "user": 5.949129519999999,
      "system": 0.0039524239999999995,
      "min": 5.92452642452,
      "max": 5.979163284519999,
      "times": [
        5.95352929552,
        5.92452642452,
        5.96025307852,
        5.95016081152,
        5.9665873745199995,
        5.93952634452,
        5.96279825052,
        5.947396976519999,
        5.93509894152,
        5.95783371052,
        5.97323707952,
        5.950030861519999,
        5.95693547252,
        5.944934487519999,
        5.9598044215199995,
        5.94356413252,
        5.949382766519999,
        5.95737011452,
        5.96410486952,
        5.95491042852,
        5.931969212519999,
        5.9488749385199995,
        5.979163284519999,
        5.97388067152,
        5.9530472015199996
      ],
      "exit_codes": [
        0,
        0,
        0,
        0,
        0,
        0,
        0,
        0,
        0,
        0,
        0,
        0,
        0,
        0,
        0,
        0,
        0,
        0,
        0,
        0,
        0,
        0,
        0,
        0,
        0
      ],
      "parameters": {
        "n": "3"
      }
    },
    {
      "command": "taskset -c 0 ./furuta-4.jac.exe --seed 0 4108",
      "mean": 4.73436179356,
      "stddev": 0.010934238125006008,
      "median": 4.732242611519999,
      "user": 4.7298557599999995,
      "system": 0.0041281344000000005,
      "min": 4.7194749925199995,
      "max": 4.77409516152,
      "times": [
        4.7294577985199995,
        4.73968271752,
        4.72509885452,
        4.72729550552,
        4.73032923252,
        4.748440233519999,
        4.7313597635199995,
        4.72507099152,
        4.722738425519999,
        4.748833976519999,
        4.738279877519999,
        4.732242611519999,
        4.72754570452,
        4.742126059519999,
        4.73506209652,
        4.727507612519999,
        4.732610441519999,
        4.7312230055199995,
        4.73435016752,
        4.72966010252,
        4.7194749925199995,
        4.77409516152,
        4.73633964952,
        4.732612500519999,
        4.73760735652
      ],
      "exit_codes": [
        0,
        0,
        0,
        0,
        0,
        0,
        0,
        0,
        0,
        0,
        0,
        0,
        0,
        0,
        0,
        0,
        0,
        0,
        0,
        0,
        0,
        0,
        0,
        0,
        0
      ],
      "parameters": {
        "n": "4"
      }
    },
    {
      "command": "taskset -c 0 ./furuta-5.jac.exe --seed 0 4108",
      "mean": 4.470047485079999,
      "stddev": 0.014404571382037535,
      "median": 4.468987879519999,