{
  "results": [
    {
      "command": "taskset -c 0 ./cauer_10-ad.exe --output-only-last --step-size 1 --rtol 1.e-5 --atol 1.e-7 --interval 10000",
      "mean": 1.3789421237600001,
      "stddev": 0.015210986427937783,
      "median": 1.37535216856,
      "user": 1.3754314999999997,
      "system": 0.0034449632,
      "min": 1.3701479815600002,
      "max": 1.4486326795600002,
      "times": [
        1.3766689595600001,
        1.3723493265600002,
        1.37749294656,
        1.37535216856,
        1.3735869475600002,
        1.38387416556,
        1.3863577015600002,
        1.37580865356,
        1.4486326795600002,
        1.3747162315600001,
        1.37361503256,
        1.3754660225600002,
        1.37660825456,
        1.3741014695600002,
        1.3745468395600002,
        1.37324888756,
        1.3704752365600001,
        1.3893274205600001,
        1.37641114956,
        1.3747366865600001,
        1.3701479815600002,
        1.3732484255600002,
        1.3777464535600001,
        1.37782245456,
        1.37121099856
      ],
      "exit_codes": [
        0,
        0,
        0,
        0,
        0,
        0,
        0,
        0,
        0,
        0,
        0,
        0,
        0,
        0,
        0,
        0,
        0,
        0,
        0,
        0,
        0,
        0,
        0,
        0,
        0
      ],
      "parameters": {
        "n": "ad"
      }
    },
    {
      "command": "taskset -c 0 ./cauer_10-0.exe --output-only-last --step-size 1 --rtol 1.e-5 --atol 1.e-7 --interval 10000",
      "mean": 1.4042747326,
      "stddev": 0.007602720486517234,
      "median": 1.4030317335600002,
      "user": 1.4003065400000003,
      "system": 0.003877633599999999,
      "min": 1.3959746915600002,
      "max": 1.43376961956,
      "times": [
        1.4057377825600001,
        1.3966809105600002,
        1.39818451956,
        1.4096769925600001,
        1.39840485056,
        1.4123375825600002,
        1.40295712156,
        1.40899727156,
        1.4045077735600002,
        1.3959746915600002,
        1.4074759675600002,
        1.4081915395600002,
        1.40275815156,
        1.40434503656,
        1.39815221956,
        1.40751345856,
        1.3986256885600001,
        1.40097184356,
        1.3972566155600001,
        1.40625129356,
        1.40033927956,
        1.43376961956,
        1.4030317335600002,
        1.4034951795600001,
        1.40123119156
      ],
      "exit_codes": [
        0,
        0,
        0,
        0,
        0,
        0,
        0,
        0,
        0,
        0,
        0,
        0,
        0,
        0,
        0,
        0,
        0,
        0,
        0,
        0,
        0,
        0,
        0,
        0,
        0
      ],
      "parameters": {
        "n": "0"
      }
    },
    {
      "command": "taskset -c 0 ./cauer_10-1.exe --output-only-last --step-size 1 --rtol 1.e-5 --atol 1.e-7 --interval 10000",
      "mean": 1.38862616632,
      "stddev": 0.005704757287890254,
      "median": 1.3866728485600002,
      "user": 1.3858821799999999,
      "system": 0.002683668,
      "min": 1.3822303555600002,
      "max": 1.40024311456,
      "times": [
        1.3907941565600002,
        1.38472474656,
        1.40024311456,
        1.39595336056,
        1.38292030456,
        1.3840004945600002,
        1.39859240256,
        1.3922241745600001,
        1.38877267256,
        1.3822303555600002,
        1.38277290356,
        1.38790525856,
        1.38864019556,
        1.3978799105600002,
        1.3906065125600002,
        1.3852496165600001,
        1.38645360056,
        1.38312146956,
        1.3827392415600002,
        1.38563026756,
        1.3866728485600002,
        1.3982953175600001,
        1.38469241956,
        1.3914223805600001,
        1.38311643256
      ],
      "exit_codes": [
        0,
        0,
        0,
        0,
        0,
        0,
        0,
        0,
        0,
        0,
        0,
        0,
        0,
        0,
        0,
        0,
        0,
        0,
        0,
        0,
        0,
        0,
        0,
        0,
        0
      ],
      "parameters": {
        "n": "1"
      }
    },
    {
      "command": "taskset -c 0 ./cauer_10-2.exe --output-only-last --step-size 1 --rtol 1.e-5 --atol 1.e-7 --interval 10000",
      "mean": 1.39629333344,
      "stddev": 0.011755952580815729,
      "median": 1.39154591856,
      "user": 1.39291934,
      "system": 0.0032988984,
      "min": 1.3842606455600002,
      "max": 1.42904645556,
      "times": [
        1.42904645556,
        1.38969988356,
        1.3842606455600002,
        1.41055910356,
        1.39038138356,
        1.3954495445600001,
        1.38767529356,
        1.3948252445600002,
        1.3915903635600002,
        1.42607175356,
        1.3842643725600001,
        1.40786682956,
        1.39154591856,
        1.3942163085600001,
        1.3909360615600002,
        1.4063415455600001,
        1.38871155056,
        1.38885547156,
        1.3914603385600002,
        1.40493259356,
        1.39457253856,
        1.38736314356,
        1.3895647345600002,
        1.38895627656,
        1.39818598056
      ],
      "exit_codes": [
        0,
        0,
        0,
        0,
        0,
        0,
        0,
        0,
        0,
        0,
        0,
        0,
        0,
        0,
        0,
        0,
        0,
        0,
        0,
        0,
        0,
        0,
        0,
        0,
        0
      ],
      "parameters": {
        "n": "2"
      }
    }
  ]
}
