{
  "results": [
    {
      "command": "taskset -c 0 ./pendulum-ad.jac.exe --seed 0 9819",
      "mean": 0.05011541398,
      "stddev": 0.0005647612199407284,
      "median": 0.05009048622000001,
      "user": 0.04723424,
      "system": 0.0028638072,
      "min": 0.04898491222000001,
      "max": 0.051545409220000005,
      "times": [
        0.049450210220000006,
        0.04990656822000001,
        0.05129019622000001,
        0.049887240220000004,
        0.05014416722000001,
        0.05047300222000001,
        0.049628061220000005,
        0.04993031422000001,
        0.050384351220000005,
        0.050304279220000005,
        0.05009048622000001,
        0.049945269220000005,
        0.05096054122000001,
        0.05026140322000001,
        0.049780471220000004,
        0.04898491222000001,
        0.04974475122000001,
        0.04955892622000001,
        0.050288338220000006,
        0.04966819422,
        0.050581713220000005,
        0.050129104220000005,
        0.051545409220000005,
        0.05018957022000001,
        0.04975786922000001
      ],
      "exit_codes": [
        0,
        0,
        0,
        0,
        0,
        0,
        0,
        0,
        0,
        0,
        0,
        0,
        0,
        0,
        0,
        0,
        0,
        0,
        0,
        0,
        0,
        0,
        0,
        0,
        0
      ],
      "parameters": {
        "n": "ad"
      }
    },
    {
      "command": "taskset -c 0 ./pendulum-0.jac.exe --seed 0 9819",
      "mean": 0.050018524939999996,
      "stddev": 0.0005989934266477471,
      "median": 0.050099509220000005,
      "user": 0.04719684,
      "system": 0.0028088872000000004,
      "min": 0.048840859220000005,
      "max": 0.051521902220000006,
      "times": [
        0.050310595220000004,
        0.049961142220000004,
        0.05045438322000001,
        0.050099509220000005,
        0.04963346222000001,
        0.048840859220000005,
        0.049434920220000005,
        0.049971028220000005,
        0.050243783220000005,
        0.050565907220000005,
        0.049642232220000006,
        0.051521902220000006,
        0.050354440220000005,
        0.049831091220000005,
        0.048888011220000006,
        0.050367093220000006,
        0.04908683322000001,
        0.050464478220000004,
        0.05035316722000001,
        0.050108354220000005,
        0.050591916220000005,
        0.050556900220000006,
        0.049645843220000006,
        0.04996494122,
        0.04957032922000001
      ],
      "exit_codes": [
        0,
        0,
        0,
        0,
        0,
        0,
        0,
        0,
        0,
        0,
        0,
        0,
        0,
        0,
        0,
        0,
        0,
        0,
        0,
        0,
        0,
        0,
        0,
        0,
        0
      ],
      "parameters": {
        "n": "0"
      }
    },
    {
      "command": "taskset -c 0 ./pendulum-1.jac.exe --seed 0 9819",
      "mean": 0.046946319820000006,
      "stddev": 0.0005206181889945826,
      "median": 0.04687016722000001,
      "user": 0.044060239999999994,
      "system": 0.0028854607999999997,
      "min": 0.04606649722000001,
      "max": 0.048472069220000004,
      "times": [
        0.046843503220000006,
        0.048472069220000004,
        0.04689493622000001,
        0.046909036220000006,
        0.047212335220000005,
        0.046655686220000006,
        0.04687016722000001,
        0.046835263220000006,
        0.04693370622,
        0.04705584822000001,
        0.04714019022,
        0.04679498722000001,
        0.046513210220000004,
        0.04694846022000001,
        0.047001556220000004,
        0.04606649722000001,
        0.047468414220000005,
        0.04621547922000001,
        0.04690421822000001,
        0.046593885220000006,
        0.046780993220000004,
        0.046630300220000004,
        0.04830708722,
        0.04679257322000001,
        0.04681759222000001
      ],
      "exit_codes": [
        0,
        0,
        0,
        0,
        0,
        0,
        0,
        0,
        0,
        0,
        0,
        0,
        0,
        0,
        0,
        0,
        0,
        0,
        0,
        0,
        0,
        0,
        0,
        0,
        0
      ],
      "parameters": {
        "n": "1"
      }
    },
    {
      "command": "taskset -c 0 ./pendulum-2.jac.exe --seed 0 9819",
      "mean": 0.011158379780000003,
      "stddev": 0.0002531267341911097,
      "median": 0.01112563322,
      "user": 0.009182679999999997,
      "system": 0.0019849008,
      "min": 0.01053590522,
      "max": 0.011619426220000001,
      "times": [
        0.01132586522,
        0.011424909220000001,
        0.01064532122,
        0.011161446220000001,
        0.01111061022,
        0.01136817622,
        0.01053590522,
        0.011065962220000001,
        0.01146268122,
        0.01098677122,
        0.01137921622,
        0.011116443220000001,
        0.01112563322,
        0.011619426220000001,
        0.01103879522,
        0.01097481022,
        0.01105685222,
        0.01098559122,
        0.01112566922,
        0.01130501522,
        0.01120843722,
        0.01146595222,
        0.011460068220000001,
        0.01098287122,
        0.01102706522
      ],
      "exit_codes": [
        0,
        0,
        0,
        0,
        0,
        0,
        0,
        0,
        0,
        0,
        0,
        0,
        0,
        0,
        0,
        0,
        0,
        0,
        0,
        0,
        0,
        0,
        0,
        0,
        0
      ],
      "parameters": {
        "n": "2"
      }
    },
    {
      "command": "taskset -c 0 ./pendulum-3.jac.exe --seed 0 9819",
      "mean": 0.010853377220000002,
      "stddev": 0.00032616383574938216,
      "median": 0.011047849220000001,
      "user": 0.009006080000000001,
      "system": 0.0018565096,
      "min": 0.01034155422,
      "max": 0.01123016922,
      "times": [
        0.01034155422,
        0.011186882220000001,
        0.01123016922,
        0.01109654822,
        0.011168492220000001,
        0.01037300422,
        0.010462301220000001,
        0.01052395822,
        0.011047849220000001,
        0.010474182220000001,
        0.01117016722,
        0.01099800022,
        0.01115290922,
        0.01110922722,
        0.010646802220000001,
        0.010473780220000001,
        0.01105504922,
        0.01071379622,
        0.01056935022,
        0.01048760622,
        0.01048981122,
        0.01113100522,
        0.01114670222,
        0.011091171220000001,
        0.01119411122
      ],
      "exit_codes": [
        0,
        0,
        0,
        0,
        0,
        0,
        0,
        0,
        0,
        0,
        0,
        0,
        0,
        0,
        0,
        0,
        0,
        0,
        0,
        0,
        0,
        0,
        0,
        0,
        0
      ],
      "parameters": {
        "n": "3"
      }
    }
  ]
}
