{
  "results": [
    {
      "command": "taskset -c 0 ./pendulum-ad.res.exe --seed 0 231687",
      "mean": 0.10434148972000003,
      "stddev": 0.0008314983822491834,
      "median": 0.10421065424,
      "user": 0.10227904,
      "system": 0.002152568,
      "min": 0.10358312924000002,
      "max": 0.10802764724000001,
      "times": [
        0.10455292724000001,
        0.10415972824000001,
        0.10458757424000001,
        0.10454003024000001,
        0.10465001524,
        0.10418667024000001,
        0.10424890224000001,
        0.10421065424,
        0.10449298924000001,
        0.10377141524000001,
        0.10457276324,
        0.10414413124,
        0.10385846624000002,
        0.10410847924000001,
        0.10374248724000001,
        0.10404885424000002,
        0.10445259824000001,
        0.10383242324000001,
        0.10364682124,
        0.10428174124,
        0.10394749324000001,
        0.10441867324000001,
        0.10358312924000002,
        0.10802764724000001,
        0.10447062824000002
      ],
      "exit_codes": [
        0,
        0,
        0,
        0,
        0,
        0,
        0,
        0,
        0,
        0,
        0,
        0,
        0,
        0,
        0,
        0,
        0,
        0,
        0,
        0,
        0,
        0,
        0,
        0,
        0
      ],
      "parameters": {
        "n": "ad"
      }
    },
    {
      "command": "taskset -c 0 ./pendulum-0.res.exe --seed 0 231687",
      "mean": 0.10352788208,
      "stddev": 0.0013199266867432967,
      "median": 0.10301744824,
      "user": 0.10146000000000001,
      "system": 0.0021355184,
      "min": 0.10231347424000001,
      "max": 0.10738757824,
      "times": [
        0.10301354324,
        0.10252974224000001,
        0.10251164324,
        0.10287150424000001,
        0.10301744824,
        0.10289950824,
        0.10296720924000001,
        0.10231347424000001,
        0.10332120424,
        0.10410993624,
        0.10709187524000001,
        0.10738757824,
        0.10501190524000001,
        0.10242824124000001,
        0.10240442324000001,
        0.10481250824,
        0.10286570324000001,
        0.10401884024000001,
        0.10393236424,
        0.10322642824000001,
        0.10325587724000002,
        0.10263404124000002,
        0.10308930724000001,
        0.10353784524000001,
        0.10294490024000001
      ],
      "exit_codes": [
        0,
        0,
        0,
        0,
        0,
        0,
        0,
        0,
        0,
        0,
        0,
        0,
        0,
        0,
        0,
        0,
        0,
        0,
        0,
        0,
        0,
        0,
        0,
        0,
        0
      ],
      "parameters": {
        "n": "0"
      }
    }
  ]
}
