{
  "results": [
    {
      "command": "taskset -c 0 ./cauer_10-ad.jac.exe --seed 0 2300",
      "mean": 0.07791529430000001,
      "stddev": 0.005760115243631004,
      "median": 0.07620999710000001,
      "user": 0.07518316,
      "system": 0.002786096,
      "min": 0.0752015651,
      "max": 0.09850346910000002,
      "times": [
        0.07828654110000001,
        0.07654209410000001,
        0.07624434810000001,
        0.09850346910000002,
        0.07568024210000002,
        0.07605687610000002,
        0.0761907321,
        0.0752015651,
        0.07592411510000001,
        0.07648982210000001,
        0.07594509410000001,
        0.07667267710000002,
        0.07620962610000001,
        0.0760750411,
        0.07664167910000001,
        0.07597702610000001,
        0.07640362410000001,
        0.0761195471,
        0.07620999710000001,
        0.07626802410000001,
        0.07589814710000001,
        0.07632548010000001,
        0.09531680810000001,
        0.07672360710000001,
        0.07597617410000002
      ],
      "exit_codes": [
        0,
        0,
        0,
        0,
        0,
        0,
        0,
        0,
        0,
        0,
        0,
        0,
        0,
        0,
        0,
        0,
        0,
        0,
        0,
        0,
        0,
        0,
        0,
        0,
        0
      ],
      "parameters": {
        "n": "ad"
      }
    },
    {
      "command": "taskset -c 0 ./cauer_10-0.jac.exe --seed 0 2300",
      "mean": 0.07629717009999999,
      "stddev": 0.0007358566748796942,
      "median": 0.07633535710000001,
      "user": 0.07302484,
      "system": 0.0032841999999999997,
      "min": 0.07540383610000001,
      "max": 0.07919012010000001,
      "times": [
        0.07670529810000001,
        0.07557401910000001,
        0.07542667210000001,
        0.0763393821,
        0.0767854411,
        0.07641799610000001,
        0.0761344691,
        0.07612135510000001,
        0.07671779110000002,
        0.07628756710000001,
        0.0761651821,
        0.07641983210000002,
        0.07919012010000001,
        0.0756854311,
        0.07581542210000002,
        0.07635482310000001,
        0.07633535710000001,
        0.07634384910000001,
        0.07660841210000001,
        0.07540383610000001,
        0.07609436910000002,
        0.07583637010000001,
        0.07678825110000001,
        0.07549281410000001,
        0.07638519210000001
      ],
      "exit_codes": [
        0,
        0,
        0,
        0,
        0,
        0,
        0,
        0,
        0,
        0,
        0,
        0,
        0,
        0,
        0,
        0,
        0,
        0,
        0,
        0,
        0,
        0,
        0,
        0,
        0
      ],
      "parameters": {
        "n": "0"
      }
    },
    {
      "command": "taskset -c 0 ./cauer_10-1.jac.exe --seed 0 2300",
      "mean": 0.061903239980000004,
      "stddev": 0.0007475551621915793,
      "median": 0.0618215081,
      "user": 0.05981787999999998,
      "system": 0.002155224,
      "min": 0.0611489241,
      "max": 0.06501370810000001,
      "times": [
        0.06144909710000001,
        0.0621717521,
        0.061250837100000004,
        0.06501370810000001,
        0.0612815561,
        0.0611489241,
        0.061583227100000006,
        0.0617835071,
        0.061901533099999996,
        0.0620255991,
        0.0621059861,
        0.0620164831,
        0.0617609961,
        0.0612827171,
        0.061428406100000006,
        0.06211850210000001,
        0.0618361161,
        0.0618215081,
        0.0616938901,
        0.0622295661,
        0.062254107100000004,
        0.061333991100000006,
        0.0626045761,
        0.0619190321,
        0.061565381100000004
      ],
      "exit_codes": [
        0,
        0,
        0,
        0,
        0,
        0,
        0,
        0,
        0,
        0,
        0,
        0,
        0,
        0,
        0,
        0,
        0,
        0,
        0,
        0,
        0,
        0,
        0,
        0,
        0
      ],
      "parameters": {
        "n": "1"
      }
    },
    {
      "command": "taskset -c 0 ./cauer_10-2.jac.exe --seed 0 2300",
      "mean": 0.01120274322,
      "stddev": 0.00043590682318810217,
      "median": 0.0114882441,
      "user": 0.009720999999999999,
      "system": 0.0015670079999999997,
      "min": 0.0105491401,
      "max": 0.0116870011,
      "times": [
        0.0107221201,
        0.0115166001,
        0.0108935311,
        0.011553771100000002,
        0.0116390681,
        0.0116557181,
        0.0116870011,
        0.011564476100000002,
        0.0114931351,
        0.0114882441,
        0.0116097351,
        0.011564332100000001,
        0.0115893961,
        0.010963924100000001,
        0.0105491401,
        0.010628364099999999,
        0.0107839201,
        0.010549775100000002,
        0.0116000731,
        0.0108112221,
        0.010679995099999999,
        0.0115602491,
        0.010742497100000001,
        0.011487046100000002,
        0.010735246100000002
      ],
      "exit_codes": [
        0,
        0,
        0,
        0,
        0,
        0,
        0,
        0,
        0,
        0,
        0,
        0,
        0,
        0,
        0,
        0,
        0,
        0,
        0,
        0,
        0,
        0,
        0,
        0,
        0
      ],
      "parameters": {
        "n": "2"
      }
    }
  ]
}
