{
  "results": [
    {
      "command": "taskset -c 0 ./furuta-ad.res.exe --seed 0 105602",
      "mean": 5.645936921560001,
      "stddev": 0.02475353804814647,
      "median": 5.6409544454,
      "user": 5.64309098,
      "system": 0.002551784,
      "min": 5.6020324554,
      "max": 5.7064187504,
      "times": [
        5.6370161854,
        5.6333911474,
        5.6219331134,
        5.6409544454,
        5.6647581374,
        5.6859061264,
        5.6589960694,
        5.7064187504,
        5.7045068314,
        5.6496179044,
        5.6339485613999996,
        5.6585521953999995,
        5.6403183444,
        5.6434957593999995,
        5.6477016213999995,
        5.6435789324,
        5.6341207354,
        5.6640595294,
        5.6235068394,
        5.6412987324,
        5.6309035193999994,
        5.6194974504,
        5.6307976104,
        5.6311120414,
        5.6020324554
      ],
      "exit_codes": [
        0,
        0,
        0,
        0,
        0,
        0,
        0,
        0,
        0,
        0,
        0,
        0,
        0,
        0,
        0,
        0,
        0,
        0,
        0,
        0,
        0,
        0,
        0,
        0,
        0
      ],
      "parameters": {
        "n": "ad"
      }
    },
    {
      "command": "taskset -c 0 ./furuta-0.res.exe --seed 0 105602",
      "mean": 3.532424212039999,
      "stddev": 0.023711207494015004,
      "median": 3.5336926963999997,
      "user": 3.52910482,
      "system": 0.0030960863999999998,
      "min": 3.5028298523999997,
      "max": 3.6024494644,
      "times": [
        3.5336926963999997,
        3.5539725233999997,
        3.5120474124,
        3.5281657244,
        3.5121645494,
        3.5428340873999997,
        3.5028298523999997,
        3.5143423434,
        3.5248074864,
        3.5055079724,
        3.5064160044,
        3.5066654854,
        3.5045550654,
        3.5349634003999997,
        3.5365734563999998,
        3.5203714113999998,
        3.5152333704,
        3.5513341464,
        3.5586813124,
        3.5393744104,
        3.5493166794,
        3.5451716564,
        3.5481844404,
        3.6024494644,
        3.5609503493999997
      ],
      "exit_codes": [
        0,
        0,
        0,
        0,
        0,
        0,
        0,
        0,
        0,
        0,
        0,
        0,
        0,
        0,
        0,
        0,
        0,
        0,
        0,
        0,
        0,
        0,
        0,
        0,
        0
      ],
      "parameters": {
        "n": "0"
      }
    }
  ]
}
