{
  "results": [
    {
      "command": "taskset -c 0 ./cauer_100-ad.jac.exe --seed 0 2900",
      "mean": 3.7143412746,
      "stddev": 0.007303413293717208,
      "median": 3.71251007848,
      "user": 3.6953500799999994,
      "system": 0.01871848,
      "min": 3.70357607848,
      "max": 3.72723582648,
      "times": [
        3.72296112748,
        3.70577929748,
        3.70766785048,
        3.72505457948,
        3.70675536148,
        3.71251007848,
        3.70677823848,
        3.71910741048,
        3.71203275848,
        3.71115702448,
        3.70942765048,
        3.70357607848,
        3.72669871948,
        3.72723582648,
        3.70716155948,
        3.71575488148,
        3.71391659848,
        3.72047984248,
        3.70708194448,
        3.71889512448,
        3.72529896848,
        3.71967254948,
        3.71055649248,
        3.71412948648,
        3.70884241548
      ],
      "exit_codes": [
        0,
        0,
        0,
        0,
        0,
        0,
        0,
        0,
        0,
        0,
        0,
        0,
        0,
        0,
        0,
        0,
        0,
        0,
        0,
        0,
        0,
        0,
        0,
        0,
        0
      ],
      "parameters": {
        "n": "ad"
      }
    },
    {
      "command": "taskset -c 0 ./cauer_100-0.jac.exe --seed 0 2900",
      "mean": 3.71316378112,
      "stddev": 0.007118800033710243,
      "median": 3.70997030548,
      "user": 3.695176239999999,
      "system": 0.017820479999999996,
      "min": 3.70383978848,
      "max": 3.72809120748,
      "times": [
        3.70974669148,
        3.70798631948,
        3.7232486044799997,
        3.70997030548,
        3.70842475248,
        3.70483616448,
        3.7089845374799997,
        3.71037910848,
        3.70383978848,
        3.72660064848,
        3.7091161004799997,
        3.71660920348,
        3.71563236148,
        3.71124234548,
        3.70910595748,
        3.71738570648,
        3.70998308948,
        3.72451879748,
        3.72458657248,
        3.70861675248,
        3.72809120748,
        3.71617234548,
        3.7078405164799997,
        3.70620688648,
        3.70996976448
      ],
      "exit_codes": [
        0,
        0,
        0,
        0,
        0,
        0,
        0,
        0,
        0,
        0,
        0,
        0,
        0,
        0,
        0,
        0,
        0,
        0,
        0,
        0,
        0,
        0,
        0,
        0,
        0
      ],
      "parameters": {
        "n": "0"
      }
    },
    {
      "command": "taskset -c 0 ./cauer_100-1.jac.exe --seed 0 2900",
      "mean": 4.27381395104,
      "stddev": 0.005161666713872648,
      "median": 4.27285741848,
      "user": 3.1276088,
      "system": 1.1459278400000001,
      "min": 4.263424827480001,
      "max": 4.283420528480001,
      "times": [
        4.2789415794800005,
        4.26840542848,
        4.283420528480001,
        4.27644100848,
        4.263424827480001,
        4.277314655480001,
        4.27875219848,
        4.27105578248,
        4.26816890448,
        4.27555395048,
        4.26855288548,
        4.27285741848,
        4.26940865348,
        4.269953295480001,
        4.27941856148,
        4.274125687480001,
        4.26965963648,
        4.269123442480001,
        4.272573670480001,
        4.275210914480001,
        4.27061056648,
        4.27987186948,
        4.27842909748,
        4.283012810480001,
        4.27106140248
      ],
      "exit_codes": [
        0,
        0,
        0,
        0,
        0,
        0,
        0,
        0,
        0,
        0,
        0,
        0,
        0,
        0,
        0,
        0,
        0,
        0,
        0,
        0,
        0,
        0,
        0,
        0,
        0
      ],
      "parameters": {
        "n": "1"
      }
    },
    {
      "command": "taskset -c 0 ./cauer_100-2.jac.exe --seed 0 2900",
      "mean": 0.1929048093200001,
      "stddev": 0.0008047674601067838,
      "median": 0.19285505048,
      "user": 0.16366812,
      "system": 0.029285639999999998,
      "min": 0.19164898748,
      "max": 0.19449601248,
      "times": [
        0.19449601248,
        0.19379435348000001,
        0.19435844448000003,
        0.19308165448000003,
        0.19218421748000003,
        0.19285505048,
        0.19322798848000003,
        0.19164898748,
        0.19240615648,
        0.19230266848000002,
        0.19168369748000003,
        0.19345566548,
        0.19317060848,
        0.19236855648,
        0.19217837848000002,
        0.19199788848000002,
        0.19400946348,
        0.19340300148000003,
        0.19268055348000002,
        0.19283843348000002,
        0.19289158448000002,
        0.19383418948000003,
        0.19265233148000002,
        0.19327689448000002,
        0.19182345248000002
      ],
      "exit_codes": [
        0,
        0,
        0,
        0,
        0,
        0,
        0,
        0,
        0,
        0,
        0,
        0,
        0,
        0,
        0,
        0,
        0,
        0,
        0,
        0,
        0,
        0,
        0,
        0,
        0
      ],
      "parameters": {
        "n": "2"
      }
    }
  ]
}
