{
  "results": [
    {
      "command": "taskset -c 0 ./furuta-ad.exe --output-only-last --step-size 1 --rtol 1.e-5 --atol 1.e-7 --interval 1000",
      "mean": 19.86020896418,
      "stddev": 0.04157809000796034,
      "median": 19.85760493354,
      "user": 19.8529477,
      "system": 0.006000801600000002,
      "min": 19.79947829754,
      "max": 19.943685268539998,
      "times": [
        19.868459187539997,
        19.943685268539998,
        19.83773267354,
        19.819628393539997,
        19.88304639254,
        19.81750473854,
        19.832915679539997,
        19.909869585539997,
        19.868513585539997,
        19.842808095539997,
        19.868291307539998,
        19.81220121154,
        19.89050260154,
        19.84146313154,
        19.831540508539998,
        19.79947829754,
        19.86746824454,
        19.82674926654,
        19.82345829054,
        19.93000667454,
        19.90082456354,
        19.808239421539998,
        19.88725569454,
        19.85760493354,
        19.93597635654
      ],
      "exit_codes": [
        0,
        0,
        0,
        0,
        0,
        0,
        0,
        0,
        0,
        0,
        0,
        0,
        0,
        0,
        0,
        0,
        0,
        0,
        0,
        0,
        0,
        0,
        0,
        0,
        0
      ],
      "parameters": {
        "n": "ad"
      }
    },
    {
      "command": "taskset -c 0 ./furuta-0.exe --output-only-last --step-size 1 --rtol 1.e-5 --atol 1.e-7 --interval 1000",
      "mean": 17.40493467994,
      "stddev": 0.0451766112014037,
      "median": 17.39343418354,
      "user": 17.398928739999995,
      "system": 0.004900689600000001,
      "min": 17.33351265954,
      "max": 17.500966450539998,
      "times": [
        17.39018906854,
        17.38139610254,
        17.35002237354,
        17.500966450539998,
        17.380862801539998,
        17.39343418354,
        17.479572371539998,
        17.45052348954,
        17.382924558539997,
        17.40870788054,
        17.40224959954,
        17.385613520539998,
        17.476140321539997,
        17.417291090539997,
        17.396571451539998,
        17.37180253654,
        17.46503286754,
        17.33351265954,
        17.377591986539997,
        17.34192827254,
        17.443212135539998,
        17.35742059554,
        17.374877402539997,
        17.40894377354,
        17.452579504539997
      ],
      "exit_codes": [
        0,
        0,
        0,
        0,
        0,
        0,
        0,
        0,
        0,
        0,
        0,
        0,
        0,
        0,
        0,
        0,
        0,
        0,
        0,
        0,
        0,
        0,
        0,
        0,
        0
      ],
      "parameters": {
        "n": "0"
      }
    },
    {
      "command": "taskset -c 0 ./furuta-1.exe --output-only-last --step-size 1 --rtol 1.e-5 --atol 1.e-7 --interval 1000",
      "mean": 16.319167969739993,
      "stddev": 0.03876662012464617,
      "median": 16.321521538539997,
      "user": 16.31361498,
      "system": 0.0044188496,
      "min": 16.23325243054,
      "max": 16.38920839054,
      "times": [
        16.387138804539997,
        16.316646770539997,
        16.32177763754,
        16.360124691539998,
        16.351465451539998,
        16.34972312054,
        16.321521538539997,
        16.38920839054,
        16.32404202254,
        16.30534475554,
        16.34410241554,
        16.33330936154,
        16.299083849539997,
        16.27809792854,
        16.341429226539997,
        16.271768222539997,
        16.30116567554,
        16.36892937254,
        16.34490164754,
        16.284230538539997,
        16.30120153554,
        16.26051494454,
        16.23325243054,
        16.292311405539998,
        16.29790750554
      ],
      "exit_codes": [
        0,
        0,
        0,
        0,
        0,
        0,
        0,
        0,
        0,
        0,
        0,
        0,
        0,
        0,
        0,
        0,
        0,
        0,
        0,
        0,
        0,
        0,
        0,
        0,
        0
      ],
      "parameters": {
        "n": "1"
      }
    },
    {
      "command": "taskset -c 0 ./furuta-2.exe --output-only-last --step-size 1 --rtol 1.e-5 --atol 1.e-7 --interval 1000",
      "mean": 16.101535821619997,
      "stddev": 0.03051133881963112,
      "median": 16.101518566539998,
      "user": 16.094899859999998,
      "system": 0.0054837232,
      "min": 16.02907759354,
      "max": 16.155523443539998,
      "times": [
        16.127498896539997,
        16.12133009754,
        16.07108063354,
        16.115013325539998,
        16.102307975539997,
        16.123178436539998,
        16.08983457454,
        16.066941766539998,
        16.08750479354,
        16.093041126539998,
        16.076396822539998,
        16.155523443539998,
        16.073327555539997,
        16.09452220854,
        16.060621268539997,
        16.10481558054,
        16.02907759354,
        16.083585606539998,
        16.152799650539997,
        16.10852366754,
        16.113790996539997,
        16.146604892539997,
        16.098291045539998,
        16.101518566539998,
        16.14126501554
      ],
      "exit_codes": [
        0,
        0,
        0,
        0,
        0,
        0,
        0,
        0,
        0,
        0,
        0,
        0,
        0,
        0,
        0,
        0,
        0,
        0,
        0,
        0,
        0,
        0,
        0,
        0,
        0
      ],
      "parameters": {
        "n": "2"
      }
    },
    {
      "command": "taskset -c 0 ./furuta-3.exe --output-only-last --step-size 1 --rtol 1.e-5 --atol 1.e-7 --interval 1000",
      "mean": 15.665255815459995,
      "stddev": 0.03188555868157369,
      "median": 15.65718746654,
      "user": 15.660609020000003,
      "system": 0.003563574399999999,
      "min": 15.62742966054,
      "max": 15.75371900454,
      "times": [
        15.66286656154,
        15.67345081654,
        15.69316113054,
        15.62911144554,
        15.68681651454,
        15.65718746654,
        15.655032674540001,
        15.69847018754,
        15.64131564254,
        15.70698311054,
        15.62945425354,
        15.65238804154,
        15.62910140354,
        15.69565379354,
        15.66237243054,
        15.67689260054,
        15.62889315254,
        15.62752621154,
        15.65245183954,
        15.75371900454,
        15.69373980954,
        15.62742966054,
        15.69615261454,
        15.65251936154,
        15.64870565854
      ],
      "exit_codes": [
        0,
        0,
        0,
        0,
        0,
        0,
        0,
        0,
        0,
        0,
        0,
        0,
        0,
        0,
        0,
        0,
        0,
        0,
        0,
        0,
        0,
        0,
        0,
        0,
        0
      ],
      "parameters": {
        "n": "3"
      }
    },
    {
      "command": "taskset -c 0 ./furuta-4.exe --output-only-last --step-size 1 --rtol 1.e-5 --atol 1.e-7 --interval 1000",
      "mean": 13.59739350726,
      "stddev": 0.03588417761719404,
      "median": 13.592102908540001,
      "user": 13.592862460000001,
      "system": 0.0035839295999999994,
      "min": 13.52671303954,
      "max": 13.693941799540001,
      "times": [
        13.61078274954,
        13.57616210354,
        13.61985812654,
        13.58590525154,
        13.60141652054,
        13.58499662654,
        13.59425122254,
        13.61920843054,
        13.59263339954,
        13.57012699354,
        13.62667796254,
        13.65573436454,
        13.693941799540001,
        13.592102908540001,
        13.549698426540001,
        13.58944263254,
        13.60605699754,
        13.568311017540001,
        13.52671303954,
        13.57547335254,
        13.663328055540001,
        13.58972756454,
        13.56217197254,
        13.58245759154,
        13.59765857154
      ],