{
  "results": [
    {
      "command": "taskset -c 0 ./cauer_100-ad.res.exe --seed 0 11493",
      "mean": 0.36862064264000005,
      "stddev": 0.0010893807043673672,
      "median": 0.36846312376,
      "user": 0.3645192399999999,
      "system": 0.0040908583999999994,
      "min": 0.36716530276000003,
      "max": 0.37056470376,
      "times": [
        0.36735760176000004,
        0.37041337776,
        0.36966008076,
        0.36846312376,
        0.36798585176000004,
        0.36985317176,
        0.36765626876,
        0.36959971976,
        0.36786963076,
        0.36753581376,
        0.36856565376,
        0.36933296576,
        0.36947135876000003,
        0.36795241476,
        0.36744822476,
        0.36759299876,
        0.37056470376,
        0.36892679176000004,
        0.37029296376000004,
        0.36737036676,
        0.36979060876000003,
        0.36836379376,
        0.36716530276000003,
        0.36756714376,
        0.36871613376
      ],
      "exit_codes": [
        0,
        0,
        0,
        0,
        0,
        0,
        0,
        0,
        0,
        0,
        0,
        0,
        0,
        0,
        0,
        0,
        0,
        0,
        0,
        0,
        0,
        0,
        0,
        0,
        0
      ],
      "parameters": {
        "n": "ad"
      }
    },
    {
      "command": "taskset -c 0 ./cauer_100-0.res.exe --seed 0 11493",
      "mean": 0.3675474665599999,
      "stddev": 0.0014709394357389715,
      "median": 0.36764558076000003,
      "user": 0.3641356399999999,
      "system": 0.0034147784,
      "min": 0.36532562776,
      "max": 0.37152416276,
      "times": [
        0.36723432776000003,
        0.36715506276000004,
        0.36682605976,
        0.36764558076000003,
        0.36794205576,
        0.36532562776,
        0.36683765976,
        0.36761814476000004,
        0.36607244676,
        0.37152416276,
        0.36780897776,
        0.36788961076000004,
        0.36819480776,
        0.36593461276,
        0.36854387676,
        0.36844042876,
        0.36624166476000003,
        0.36767456576,
        0.36622491476,
        0.36669174576,
        0.36786385376,
        0.36896454676,
        0.37094895276,
        0.36769342876,
        0.36538954776
      ],
      "exit_codes": [
        0,
        0,
        0,
        0,
        0,
        0,
        0,
        0,
        0,
        0,
        0,
        0,
        0,
        0,
        0,
        0,
        0,
        0,
        0,
        0,
        0,
        0,
        0,
        0,
        0
      ],
      "parameters": {
        "n": "0"
      }
    }
  ]
}
