{
  "results": [
    {
      "command": "taskset -c 0 ./cauer_100-ad.exe --output-only-last --step-size 1 --rtol 1.e-5 --atol 1.e-7 --interval 1000",
      "mean": 2.698576317980001,
      "stddev": 0.00536931793223772,
      "median": 2.6976854890200004,
      "user": 2.6700463399999994,
      "system": 0.02828938,
      "min": 2.6913181400200004,
      "max": 2.7120201990200004,
      "times": [
        2.69785113602,
        2.6965186500200002,
        2.7120201990200004,
        2.69235494102,
        2.6990081580200003,
        2.6930795740200004,
        2.6929824140200003,
        2.69132840402,
        2.69652034802,
        2.6990200680200003,
        2.6965983070200004,
        2.70314977702,
        2.6976854890200004,
        2.6943088680200002,
        2.6950270720200002,
        2.70489185102,
        2.6969564540200004,
        2.7017575710200004,
        2.71085390602,
        2.7020428050200005,
        2.6913181400200004,
        2.70129758402,
        2.69827415602,
        2.6971201660200004,
        2.70244191102
      ],
      "exit_codes": [
        0,
        0,
        0,
        0,
        0,
        0,
        0,
        0,
        0,
        0,
        0,
        0,
        0,
        0,
        0,
        0,
        0,
        0,
        0,
        0,
        0,
        0,
        0,
        0,
        0
      ],
      "parameters": {
        "n": "ad"
      }
    },
    {
      "command": "taskset -c 0 ./cauer_100-0.exe --output-only-last --step-size 1 --rtol 1.e-5 --atol 1.e-7 --interval 1000",
      "mean": 2.6948165135400006,
      "stddev": 0.005414991978698965,
      "median": 2.69395142802,
      "user": 2.6659479800000003,
      "system": 0.02862342,
      "min": 2.6864709390200003,
      "max": 2.7111782960200004,
      "times": [
        2.6961988000200003,
        2.69363725602,
        2.6884294100200004,
        2.70446752602,
        2.69848314102,
        2.6932852410200003,
        2.6909355230200003,
        2.6893572050200003,
        2.6864709390200003,
        2.6903711900200005,
        2.69395142802,
        2.6916105580200003,
        2.6977199250200004,
        2.69245887302,
        2.68762469202,
        2.7111782960200004,
        2.6962954150200003,
        2.7014232710200003,
        2.6935103810200003,
        2.69435988802,
        2.69840069002,
        2.69537630202,
        2.69231481002,
        2.6957498820200003,
        2.69680219602
      ],
      "exit_codes": [
        0,
        0,
        0,
        0,
        0,
        0,
        0,
        0,
        0,
        0,
        0,
        0,
        0,
        0,
        0,
        0,
        0,
        0,
        0,
        0,
        0,
        0,
        0,
        0,
        0
      ],
      "parameters": {
        "n": "0"
      }
    },
    {
      "command": "taskset -c 0 ./cauer_100-1.exe --output-only-last --step-size 1 --rtol 1.e-5 --atol 1.e-7 --interval 1000",
      "mean": 2.678903462740001,
      "stddev": 0.010845625748855794,
      "median": 2.67576540202,
      "user": 2.6589601399999996,
      "system": 0.01970686,
      "min": 2.6703332740200003,
      "max": 2.72601784302,
      "times": [
        2.67312123602,
        2.67698021302,
        2.67407116802,
        2.67410367002,
        2.6743807010200005,
        2.67757518202,
        2.68628806802,
        2.6728647690200003,
        2.6789077260200003,
        2.6811439220200004,
        2.67318855402,
        2.6703332740200003,
        2.72601784302,
        2.6839919850200005,
        2.67714033902,
        2.67276582602,
        2.6824497710200004,
        2.6734634250200005,
        2.67295177002,
        2.67365879502,
        2.67654282102,
        2.6866556210200003,
        2.67576540202,
        2.6742104810200003,
        2.68401400602
      ],
      "exit_codes": [
        0,
        0,
        0,
        0,
        0,
        0,
        0,
        0,
        0,
        0,
        0,
        0,
        0,
        0,
        0,
        0,
        0,
        0,
        0,
        0,
        0,
        0,
        0,
        0,
        0
      ],
      "parameters": {
        "n": "1"
      }
    },
    {
      "command": "taskset -c 0 ./cauer_100-2.exe --output-only-last --step-size 1 --rtol 1.e-5 --atol 1.e-7 --interval 1000",
      "mean": 2.7364073305399996,
      "stddev": 0.00362842090374359,
      "median": 2.73571688702,
      "user": 2.6679553800000004,
      "system": 0.06822637999999999,
      "min": 2.73053221302,
      "max": 2.7441721130200003,
      "times": [
        2.7395963960200005,
        2.73571688702,
        2.73213962302,
        2.7346337750200003,
        2.73405502202,
        2.7318716480200003,
        2.7352150500200003,
        2.73596886902,
        2.7417241650200004,
        2.73460709902,
        2.7441721130200003,
        2.73570716702,
        2.73876536202,
        2.7373660510200004,
        2.7362309330200003,
        2.7435886390200004,
        2.74056946402,
        2.73198138402,
        2.7373112300200004,
        2.7377316040200004,
        2.73053221302,
        2.73848068802,
        2.7313420080200004,
        2.73530371002,
        2.73557216302
      ],
      "exit_codes": [
        0,
        0,
        0,
        0,
        0,
        0,
        0,
        0,
        0,
        0,
        0,
        0,
        0,
        0,
        0,
        0,
        0,
        0,
        0,
        0,
        0,
        0,
        0,
        0,
        0
      ],
      "parameters": {
        "n": "2"
      }
    }
  ]
}
