{
  "results": [
    {
      "command": "taskset -c 0 ./pendulum-ad.exe --output-only-last --step-size 1 --rtol 1.e-5 --atol 1.e-7 --interval 10000",
      "mean": 0.5509157125799998,
      "stddev": 0.002889859150190137,
      "median": 0.55016233782,
      "user": 0.5479328200000001,
      "system": 0.0029554975999999994,
      "min": 0.54675546182,
      "max": 0.55982738182,
      "times": [
        0.55137392982,
        0.54823045282,
        0.5485422268200001,
        0.55002692582,
        0.54981691282,
        0.54959704282,
        0.55449348482,
        0.5526387958200001,
        0.5487725128200001,
        0.54917610882,
        0.55210820382,
        0.54675546182,
        0.55088882782,
        0.54932955782,
        0.5502970368200001,
        0.55208439182,
        0.54942461182,
        0.55112141882,
        0.5519524878200001,
        0.55029067682,
        0.5484771338200001,
        0.55016233782,
        0.55982738182,
        0.5497838648200001,
        0.55772102782
      ],
      "exit_codes": [
        0,
        0,
        0,
        0,
        0,
        0,
        0,
        0,
        0,
        0,
        0,
        0,
        0,
        0,
        0,
        0,
        0,
        0,
        0,
        0,
        0,
        0,
        0,
        0,
        0
      ],
      "parameters": {
        "n": "ad"
      }
    },
    {
      "command": "taskset -c 0 ./pendulum-0.exe --output-only-last --step-size 1 --rtol 1.e-5 --atol 1.e-7 --interval 10000",
      "mean": 0.54737403422,
      "stddev": 0.003862190584445647,
      "median": 0.54645803682,
      "user": 0.54490422,
      "system": 0.0024714991999999995,
      "min": 0.54342767282,
      "max": 0.5629202308200001,
      "times": [
        0.5476404598200001,
        0.54798140582,
        0.5629202308200001,
        0.54645803682,
        0.54496243682,
        0.5461086848200001,
        0.54784334582,
        0.54342767282,
        0.55210256782,
        0.54472442182,
        0.54700349782,
        0.54645805082,
        0.5475725998200001,
        0.54489988182,
        0.54719553582,
        0.5449030088200001,
        0.54520935782,
        0.54651223782,
        0.5451812838200001,
        0.55159023782,
        0.5464145328200001,
        0.55049071882,
        0.5452001658200001,
        0.54519111182,
        0.5463593708200001
      ],
      "exit_codes": [
        0,
        0,
        0,
        0,
        0,
        0,
        0,
        0,
        0,
        0,
        0,
        0,
        0,
        0,
        0,
        0,
        0,
        0,
        0,
        0,
        0,
        0,
        0,
        0,
        0
      ],
      "parameters": {
        "n": "0"
      }
    },
    {
      "command": "taskset -c 0 ./pendulum-1.exe --output-only-last --step-size 1 --rtol 1.e-5 --atol 1.e-7 --interval 10000",
      "mean": 0.54282091218,
      "stddev": 0.0020625716509136385,
      "median": 0.54224822182,
      "user": 0.5395163,
      "system": 0.0032688432,
      "min": 0.54049977782,
      "max": 0.54650289082,
      "times": [
        0.54512580982,
        0.54051633982,
        0.54243259582,
        0.54233101982,
        0.5432337998200001,
        0.54224822182,
        0.5462130218200001,
        0.54148111482,
        0.54117555782,
        0.5413499498200001,
        0.54073888782,
        0.5464190828200001,
        0.54183535782,
        0.5405653648200001,
        0.54650289082,
        0.54473307482,
        0.54068209282,
        0.5452640708200001,
        0.54049977782,
        0.5411919928200001,
        0.54347362582,
        0.54136260382,
        0.54286255382,
        0.5460436068200001,
        0.54224038982
      ],
      "exit_codes": [
        0,
        0,
        0,
        0,
        0,
        0,
        0,
        0,
        0,
        0,
        0,
        0,
        0,
        0,
        0,
        0,
        0,
        0,
        0,
        0,
        0,
        0,
        0,
        0,
        0
      ],
      "parameters": {
        "n": "1"
      }
    },
    {
      "command": "taskset -c 0 ./pendulum-2.exe --output-only-last --step-size 1 --rtol 1.e-5 --atol 1.e-7 --interval 10000",
      "mean": 0.5188032115800001,
      "stddev": 0.003423202884741822,
      "median": 0.5172621218200001,
      "user": 0.5169144600000002,
      "system": 0.0019001391999999998,
      "min": 0.51540268582,
      "max": 0.5277942198200001,
      "times": [
        0.5172621218200001,
        0.5203649958200001,
        0.52111736482,
        0.51540268582,
        0.51675865982,
        0.52167883282,
        0.51609105282,
        0.5166438358200001,
        0.51736254782,
        0.51725502782,
        0.5277942198200001,
        0.5254019428200001,
        0.5163445858200001,
        0.5174666628200001,
        0.5165893138200001,
        0.52000209482,
        0.51858930782,
        0.51711774982,
        0.5166684288200001,
        0.52300449282,
        0.51545382982,
        0.5166404638200001,
        0.51627545082,
        0.51744914082,
        0.52534547982
      ],
      "exit_codes": [
        0,
        0,
        0,
        0,
        0,
        0,
        0,
        0,
        0,
        0,
        0,
        0,
        0,
        0,
        0,
        0,
        0,
        0,
        0,
        0,
        0,
        0,
        0,
        0,
        0
      ],
      "parameters": {
        "n": "2"
      }
    },
    {
      "command": "taskset -c 0 ./pendulum-3.exe --output-only-last --step-size 1 --rtol 1.e-5 --atol 1.e-7 --interval 10000",
      "mean": 0.51889998686,
      "stddev": 0.0022913120680301655,
      "median": 0.51833876782,
      "user": 0.5159134200000001,
      "system": 0.0029614175999999994,
      "min": 0.5154565908200001,
      "max": 0.52503875982,
      "times": [
        0.51961549082,
        0.5170362778200001,
        0.51706964382,
        0.51853510382,
        0.5210100698200001,
        0.5154565908200001,
        0.51935876382,
        0.5171988348200001,
        0.52503875982,
        0.5188506298200001,
        0.51833876782,
        0.51799493182,
        0.51718182982,
        0.51711620682,
        0.5169666768200001,
        0.5180198488200001,
        0.52060537982,
        0.5157529428200001,
        0.51979988182,
        0.51827080782,
        0.51936645482,
        0.51824398782,
        0.51972118182,
        0.52371565182,
        0.52223495582
      ],
      "exit_codes": [
        0,
        0,
        0,
        0,
        0,
        0,
        0,
        0,
        0,
        0,
        0,
        0,
        0,
        0,
        0,
        0,
        0,
        0,
        0,
        0,
        0,
        0,
        0,
        0,
        0
      ],
      "parameters": {
        "n": "3"
      }
    }
  ]
}
